"Sl. No.","Date","Invoice No.","Model","Part No.","Part Description","Remarks (Nature)","SN","Spare","Qty","Replacement Status","Rep Serial No","Addl Remarks"
"1","28 Jul 2026","gfyhg","TS-III Analog Upgradable","11-100-0006","Power cord (Indian type)","","","","1","Replacement Pending from BLT","",""
"2","28 Jul 2026","gfyhg","TS-III Analog Upgradable","11-100-0006","Power cord (Indian type)","","","","1","Replacement Pending from BLT","",""
"3","28 Jul 2026","gfyhg","TS-III Analog Upgradable","11-100-0006","Power cord (Indian type)","","","","1","Replacement Pending from BLT","",""
"4","28 Jul 2026","gfyhg","TS-III Analog Upgradable","11-100-0006","Power cord (Indian type)","","","","1","Replacement Pending from BLT","",""
"5","28 Jul 2026","gfyhg","TS-III Analog Upgradable","11-100-0006","Power cord (Indian type)","","","","1","Replacement Pending from BLT","",""
"6","28 Jul 2026","gfyhg","TS-III Analog Upgradable","11-100-0006","Power cord (Indian type)","","","","1","Replacement Pending from BLT","",""
"7","28 Jul 2026","gfyhg","TS-III Analog Upgradable","11-100-0006","Power cord (Indian type)","","","","1","Replacement Pending from BLT","",""
"8","28 Jul 2026","gfyhg","TS-III Analog Upgradable","11-100-0006","Power cord (Indian type)","","","","1","Replacement Pending from BLT","",""
"9","28 Jul 2026","gfyhg","TS-III Analog Upgradable","11-100-0006","Power cord (Indian type)","","","","1","Replacement Pending from BLT","",""
"10","28 Jul 2026","gfyhg","TS-III Analog Upgradable","11-100-0006","Power cord (Indian type)","","","","1","Replacement Pending from BLT","",""
"11","28 Jul 2026","gfyhg","TS-III Analog Upgradable","11-100-0006","Power cord (Indian type)","","","","1","Replacement Pending from BLT","",""
"12","28 Jul 2026","gfyhg","TS-III Analog Upgradable","11-100-0006","Power cord (Indian type)","","","","1","Replacement Pending from BLT","",""
"13","28 Jul 2026","gfyhg","TS-III Analog Upgradable","11-100-0006","Power cord (Indian type)","","","","1","Replacement Pending from BLT","",""
"14","28 Jul 2026","gfyhg","TS-III Analog Upgradable","11-100-0006","Power cord (Indian type)","","","","1","Replacement Pending from BLT","",""
"15","28 Jul 2026","gfyhg","TS-III Analog Upgradable","11-100-0006","Power cord (Indian type)","","","","1","Replacement Pending from BLT","",""
"16","28 Jul 2026","gfyhg","TS-III Analog Upgradable","11-100-0006","Power cord (Indian type)","","","","1","Replacement Pending from BLT","",""
"17","28 Jul 2026","gfyhg","TS-III Analog Upgradable","11-100-0006","Power cord (Indian type)","","","","1","Replacement Pending from BLT","",""
"18","28 Jul 2026","gfyhg","TS-III Analog Upgradable","11-100-0006","Power cord (Indian type)","","","","1","Replacement Pending from BLT","",""
"19","28 Jul 2026","gfyhg","TS-III Analog Upgradable","11-100-0006","Power cord (Indian type)","","","","1","Replacement Pending from BLT","",""
"20","28 Jul 2026","gfyhg","TS-III Analog Upgradable","11-100-0006","Power cord (Indian type)","","","","1","Replacement Pending from BLT","",""
"21","28 Jul 2026","gfyhg","TS-III Analog Upgradable","11-100-0006","Power cord (Indian type)","","","","1","Replacement Pending from BLT","",""
"22","28 Jul 2026","gfyhg","TS-III Analog Upgradable","11-100-0006","Power cord (Indian type)","","","","1","Replacement Pending from BLT","",""
"23","28 Jul 2026","gfyhg","TS-III Analog Upgradable","11-100-0006","Power cord (Indian type)","","","","1","Replacement Pending from BLT","",""
"24","28 Jul 2026","gfyhg","TS-III Analog Upgradable","11-100-0006","Power cord (Indian type)","","","","1","Replacement Pending from BLT","",""
"25","28 Jul 2026","gfyhg","TS-III Analog Upgradable","11-100-0006","Power cord (Indian type)","","","","1","Replacement Pending from BLT","",""
"26","28 Jul 2026","gfyhg","TS-III Analog Upgradable","11-100-0006","Power cord (Indian type)","","","","1","Replacement Pending from BLT","",""
"27","28 Jul 2026","gfyhg","TS-III Analog Upgradable","11-100-0006","Power cord (Indian type)","","","","1","Replacement Pending from BLT","",""
"28","28 Jul 2026","gfyhg","TS-III Analog Upgradable","11-100-0006","Power cord (Indian type)","","","","1","Replacement Pending from BLT","",""
"29","28 Jul 2026","gfyhg","TS-III Analog Upgradable","11-100-0006","Power cord (Indian type)","","","","1","Replacement Pending from BLT","",""
"30","28 Jul 2026","gfyhg","TS-III Analog Upgradable","11-100-0006","Power cord (Indian type)","","","","1","Replacement Pending from BLT","",""
"31","28 Jul 2026","gfyhg","TS-III Analog Upgradable","11-100-0006","Power cord (Indian type)","","","","1","Replacement Pending from BLT","",""
"32","28 Jul 2026","gfyhg","TS-III Analog Upgradable","11-100-0006","Power cord (Indian type)","","","","1","Replacement Pending from BLT","",""
"33","28 Jul 2026","gfyhg","TS-III Analog Upgradable","11-100-0006","Power cord (Indian type)","","","","1","Replacement Pending from BLT","",""
"34","28 Jul 2026","gfyhg","TS-III Analog Upgradable","11-100-0006","Power cord (Indian type)","","","","1","Replacement Pending from BLT","",""
"35","28 Jul 2026","gfyhg","TS-III Analog Upgradable","11-100-0006","Power cord (Indian type)","","","","1","Replacement Pending from BLT","",""
"36","28 Jul 2026","gfyhg","TS-III Analog Upgradable","11-100-0006","Power cord (Indian type)","","","","1","Replacement Pending from BLT","",""
"37","28 Jul 2026","gfyhg","TS-III Analog Upgradable","11-100-0006","Power cord (Indian type)","","","","1","Replacement Pending from BLT","",""
"38","28 Jul 2026","gfyhg","TS-III Analog Upgradable","11-100-0006","Power cord (Indian type)","","","","1","Replacement Pending from BLT","",""
"39","28 Jul 2026","gfyhg","TS-III Analog Upgradable","11-100-0006","Power cord (Indian type)","","","","1","Replacement Pending from BLT","",""
"40","28 Jul 2026","gfyhg","TS-III Analog Upgradable","11-100-0006","Power cord (Indian type)","","","","1","Replacement Pending from BLT","",""
"41","28 Jul 2026","gfyhg","TS-III Analog Upgradable","11-100-0006","Power cord (Indian type)","","","","1","Replacement Pending from BLT","",""
"42","28 Jul 2026","gfyhg","TS-III Analog Upgradable","11-100-0006","Power cord (Indian type)","","","","1","Replacement Pending from BLT","",""
"43","28 Jul 2026","gfyhg","TS-III Analog Upgradable","11-100-0006","Power cord (Indian type)","","","","1","Replacement Pending from BLT","",""
"44","28 Jul 2026","gfyhg","TS-III Analog Upgradable","11-100-0006","Power cord (Indian type)","","","","1","Replacement Pending from BLT","",""
"45","28 Jul 2026","gfyhg","TS-III Analog Upgradable","11-100-0006","Power cord (Indian type)","","","","1","Replacement Pending from BLT","",""
"46","28 Jul 2026","gfyhg","TS-III Analog Upgradable","11-100-0006","Power cord (Indian type)","","","","1","Replacement Pending from BLT","",""
"47","28 Jul 2026","gfyhg","TS-III Analog Upgradable","11-100-0006","Power cord (Indian type)","","","","1","Replacement Pending from BLT","",""
"48","28 Jul 2026","gfyhg","TS-III Analog Upgradable","11-100-0006","Power cord (Indian type)","","","","1","Replacement Pending from BLT","",""
"49","28 Jul 2026","gfyhg","TS-III Analog Upgradable","11-100-0006","Power cord (Indian type)","","","","1","Replacement Pending from BLT","",""
"50","28 Jul 2026","gfyhg","TS-III Analog Upgradable","11-100-0006","Power cord (Indian type)","","","","1","Replacement Pending from BLT","",""
"51","28 Jul 2026","gfyhg","TS-III Analog Upgradable","11-100-0006","Power cord (Indian type)","","","","1","Replacement Pending from BLT","",""
"52","28 Jul 2026","gfyhg","TS-III Analog Upgradable","11-100-0006","Power cord (Indian type)","","","","1","Replacement Pending from BLT","",""
"53","28 Jul 2026","gfyhg","TS-III Analog Upgradable","11-100-0006","Power cord (Indian type)","","","","1","Replacement Pending from BLT","",""
"54","28 Jul 2026","gfyhg","TS-III Analog Upgradable","11-100-0006","Power cord (Indian type)","","","","1","Replacement Pending from BLT","",""
"55","28 Jul 2026","gfyhg","TS-III Analog Upgradable","11-100-0006","Power cord (Indian type)","","","","1","Replacement Pending from BLT","",""
"56","28 Jul 2026","gfyhg","TS-III Analog Upgradable","11-100-0006","Power cord (Indian type)","","","","1","Replacement Pending from BLT","",""
"57","28 Jul 2026","gfyhg","TS-III Analog Upgradable","11-100-0006","Power cord (Indian type)","","","","1","Replacement Pending from BLT","",""
"58","28 Jul 2026","gfyhg","TS-III Analog Upgradable","11-100-0006","Power cord (Indian type)","","","","1","Replacement Pending from BLT","",""
"59","28 Jul 2026","gfyhg","TS-III Analog Upgradable","11-100-0006","Power cord (Indian type)","","","","1","Replacement Pending from BLT","",""
"60","28 Jul 2026","gfyhg","TS-III Analog Upgradable","11-100-0006","Power cord (Indian type)","","","","1","Replacement Pending from BLT","",""
"61","28 Jul 2026","gfyhg","TS-III Analog Upgradable","11-100-0006","Power cord (Indian type)","","","","1","Replacement Pending from BLT","",""
"62","28 Jul 2026","gfyhg","TS-III Analog Upgradable","11-100-0006","Power cord (Indian type)","","","","1","Replacement Pending from BLT","",""
"63","28 Jul 2026","gfyhg","TS-III Analog Upgradable","11-100-0006","Power cord (Indian type)","","","","1","Replacement Pending from BLT","",""
"64","28 Jul 2026","gfyhg","TS-III Analog Upgradable","11-100-0006","Power cord (Indian type)","","","","1","Replacement Pending from BLT","",""
"65","28 Jul 2026","gfyhg","TS-III Analog Upgradable","11-100-0006","Power cord (Indian type)","","","","1","Replacement Pending from BLT","",""
"66","28 Jul 2026","gfyhg","TS-III Analog Upgradable","11-100-0006","Power cord (Indian type)","","","","1","Replacement Pending from BLT","",""
"67","28 Jul 2026","gfyhg","TS-III Analog Upgradable","11-100-0006","Power cord (Indian type)","","","","1","Replacement Pending from BLT","",""
"68","28 Jul 2026","gfyhg","TS-III Analog Upgradable","11-100-0006","Power cord (Indian type)","","","","1","Replacement Pending from BLT","",""
"69","28 Jul 2026","gfyhg","TS-III Analog Upgradable","11-100-0006","Power cord (Indian type)","","","","1","Replacement Pending from BLT","",""
"70","28 Jul 2026","gfyhg","TS-III Analog Upgradable","11-100-0006","Power cord (Indian type)","","","","1","Replacement Pending from BLT","",""
"71","28 Jul 2026","gfyhg","TS-III Analog Upgradable","11-100-0006","Power cord (Indian type)","","","","1","Replacement Pending from BLT","",""
"72","28 Jul 2026","gfyhg","TS-III Analog Upgradable","11-100-0006","Power cord (Indian type)","","","","1","Replacement Pending from BLT","",""
"73","28 Jul 2026","gfyhg","TS-III Analog Upgradable","11-100-0006","Power cord (Indian type)","","","","1","Replacement Pending from BLT","",""
"74","28 Jul 2026","gfyhg","TS-III Analog Upgradable","11-100-0006","Power cord (Indian type)","","","","1","Replacement Pending from BLT","",""
"75","28 Jul 2026","gfyhg","TS-III Analog Upgradable","11-100-0006","Power cord (Indian type)","","","","1","Replacement Pending from BLT","",""
"76","28 Jul 2026","gfyhg","TS-III Analog Upgradable","11-100-0006","Power cord (Indian type)","","","","1","Replacement Pending from BLT","",""
"77","28 Jul 2026","gfyhg","TS-III Analog Upgradable","11-100-0006","Power cord (Indian type)","","","","1","Replacement Pending from BLT","",""
"78","28 Jul 2026","gfyhg","TS-III Analog Upgradable","11-100-0006","Power cord (Indian type)","","","","1","Replacement Pending from BLT","",""
"79","28 Jul 2026","gfyhg","TS-III Analog Upgradable","11-100-0006","Power cord (Indian type)","","","","1","Replacement Pending from BLT","",""
"80","28 Jul 2026","gfyhg","TS-III Analog Upgradable","11-100-0006","Power cord (Indian type)","","","","1","Replacement Pending from BLT","",""
"81","28 Jul 2026","gfyhg","TS-III Analog Upgradable","11-100-0006","Power cord (Indian type)","","","","1","Replacement Pending from BLT","",""
"82","28 Jul 2026","gfyhg","TS-III Analog Upgradable","11-100-0006","Power cord (Indian type)","","","","1","Replacement Pending from BLT","",""
"83","28 Jul 2026","gfyhg","TS-III Analog Upgradable","11-100-0006","Power cord (Indian type)","","","","1","Replacement Pending from BLT","",""
"84","28 Jul 2026","gfyhg","TS-III Analog Upgradable","11-100-0006","Power cord (Indian type)","","","","1","Replacement Pending from BLT","",""
"85","28 Jul 2026","gfyhg","TS-III Analog Upgradable","11-100-0006","Power cord (Indian type)","","","","1","Replacement Pending from BLT","",""
"86","28 Jul 2026","gfyhg","TS-III Analog Upgradable","11-100-0006","Power cord (Indian type)","","","","1","Replacement Pending from BLT","",""
"87","28 Jul 2026","gfyhg","TS-III Analog Upgradable","11-100-0006","Power cord (Indian type)","","","","1","Replacement Pending from BLT","",""
"88","28 Jul 2026","gfyhg","TS-III Analog Upgradable","11-100-0006","Power cord (Indian type)","","","","1","Replacement Pending from BLT","",""
"89","28 Jul 2026","gfyhg","TS-III Analog Upgradable","11-100-0006","Power cord (Indian type)","","","","1","Replacement Pending from BLT","",""
"90","28 Jul 2026","gfyhg","TS-III Analog Upgradable","11-100-0006","Power cord (Indian type)","","","","1","Replacement Pending from BLT","",""
"91","28 Jul 2026","gfyhg","TS-III Analog Upgradable","11-100-0006","Power cord (Indian type)","","","","1","Replacement Pending from BLT","",""
"92","28 Jul 2026","gfyhg","TS-III Analog Upgradable","11-100-0006","Power cord (Indian type)","","","","1","Replacement Pending from BLT","",""
"93","28 Jul 2026","gfyhg","TS-III Analog Upgradable","11-100-0006","Power cord (Indian type)","","","","1","Replacement Pending from BLT","",""
"94","28 Jul 2026","gfyhg","TS-III Analog Upgradable","11-100-0006","Power cord (Indian type)","","","","1","Replacement Pending from BLT","",""
"95","28 Jul 2026","gfyhg","TS-III Analog Upgradable","11-100-0006","Power cord (Indian type)","","","","1","Replacement Pending from BLT","",""
"96","28 Jul 2026","gfyhg","TS-III Analog Upgradable","11-100-0006","Power cord (Indian type)","","","","1","Replacement Pending from BLT","",""
"97","28 Jul 2026","gfyhg","TS-III Analog Upgradable","11-100-0006","Power cord (Indian type)","","","","1","Replacement Pending from BLT","",""
"98","28 Jul 2026","gfyhg","TS-III Analog Upgradable","11-100-0006","Power cord (Indian type)","","","","1","Replacement Pending from BLT","",""
"99","28 Jul 2026","gfyhg","TS-III Analog Upgradable","11-100-0006","Power cord (Indian type)","","","","1","Replacement Pending from BLT","",""
"100","28 Jul 2026","gfyhg","TS-III Analog Upgradable","11-100-0006","Power cord (Indian type)","","","","1","Replacement Pending from BLT","",""
"101","28 Jul 2026","gfyhg","TS-III Analog Upgradable","15-100-0118","Adult Cuff with connector M5124(25cm-35cm)","","","","1","Replacement Pending from BLT","",""
"102","28 Jul 2026","gfyhg","TS-III Analog Upgradable","15-100-0118","Adult Cuff with connector M5124(25cm-35cm)","","","","1","Replacement Pending from BLT","",""
"103","28 Jul 2026","gfyhg","TS-III Analog Upgradable","15-100-0118","Adult Cuff with connector M5124(25cm-35cm)","","","","1","Replacement Pending from BLT","",""
"104","28 Jul 2026","gfyhg","TS-III Analog Upgradable","15-100-0118","Adult Cuff with connector M5124(25cm-35cm)","","","","1","Replacement Pending from BLT","",""
"105","28 Jul 2026","gfyhg","TS-III Analog Upgradable","15-100-0118","Adult Cuff with connector M5124(25cm-35cm)","","","","1","Replacement Pending from BLT","",""
"106","28 Jul 2026","gfyhg","TS-III Analog Upgradable","15-100-0118","Adult Cuff with connector M5124(25cm-35cm)","","","","1","Replacement Pending from BLT","",""
"107","28 Jul 2026","gfyhg","TS-III Analog Upgradable","15-100-0118","Adult Cuff with connector M5124(25cm-35cm)","","","","1","Replacement Pending from BLT","",""
"108","28 Jul 2026","gfyhg","TS-III Analog Upgradable","15-100-0118","Adult Cuff with connector M5124(25cm-35cm)","","","","1","Replacement Pending from BLT","",""
"109","28 Jul 2026","gfyhg","TS-III Analog Upgradable","15-100-0118","Adult Cuff with connector M5124(25cm-35cm)","","","","1","Replacement Pending from BLT","",""
"110","28 Jul 2026","gfyhg","TS-III Analog Upgradable","15-100-0118","Adult Cuff with connector M5124(25cm-35cm)","","","","1","Replacement Pending from BLT","",""
"111","28 Jul 2026","gfyhg","TS-III Analog Upgradable","15-100-0118","Adult Cuff with connector M5124(25cm-35cm)","","","","1","Replacement Pending from BLT","",""
"112","28 Jul 2026","gfyhg","TS-III Analog Upgradable","15-100-0118","Adult Cuff with connector M5124(25cm-35cm)","","","","1","Replacement Pending from BLT","",""
"113","28 Jul 2026","gfyhg","TS-III Analog Upgradable","15-100-0118","Adult Cuff with connector M5124(25cm-35cm)","","","","1","Replacement Pending from BLT","",""
"114","28 Jul 2026","gfyhg","TS-III Analog Upgradable","15-100-0118","Adult Cuff with connector M5124(25cm-35cm)","","","","1","Replacement Pending from BLT","",""
"115","28 Jul 2026","gfyhg","TS-III Analog Upgradable","15-100-0118","Adult Cuff with connector M5124(25cm-35cm)","","","","1","Replacement Pending from BLT","",""
"116","28 Jul 2026","gfyhg","TS-III Analog Upgradable","15-100-0118","Adult Cuff with connector M5124(25cm-35cm)","","","","1","Replacement Pending from BLT","",""
"117","28 Jul 2026","gfyhg","TS-III Analog Upgradable","15-100-0118","Adult Cuff with connector M5124(25cm-35cm)","","","","1","Replacement Pending from BLT","",""
"118","28 Jul 2026","gfyhg","TS-III Analog Upgradable","15-100-0118","Adult Cuff with connector M5124(25cm-35cm)","","","","1","Replacement Pending from BLT","",""
"119","28 Jul 2026","gfyhg","TS-III Analog Upgradable","15-100-0118","Adult Cuff with connector M5124(25cm-35cm)","","","","1","Replacement Pending from BLT","",""
"120","28 Jul 2026","gfyhg","TS-III Analog Upgradable","15-100-0118","Adult Cuff with connector M5124(25cm-35cm)","","","","1","Replacement Pending from BLT","",""
"121","28 Jul 2026","gfyhg","TS-III Analog Upgradable","15-100-0118","Adult Cuff with connector M5124(25cm-35cm)","","","","1","Replacement Pending from BLT","",""
"122","28 Jul 2026","gfyhg","TS-III Analog Upgradable","15-100-0118","Adult Cuff with connector M5124(25cm-35cm)","","","","1","Replacement Pending from BLT","",""
"123","28 Jul 2026","gfyhg","TS-III Analog Upgradable","15-100-0118","Adult Cuff with connector M5124(25cm-35cm)","","","","1","Replacement Pending from BLT","",""
"124","28 Jul 2026","gfyhg","TS-III Analog Upgradable","15-100-0118","Adult Cuff with connector M5124(25cm-35cm)","","","","1","Replacement Pending from BLT","",""
"125","28 Jul 2026","gfyhg","TS-III Analog Upgradable","15-100-0118","Adult Cuff with connector M5124(25cm-35cm)","","","","1","Replacement Pending from BLT","",""
"126","28 Jul 2026","gfyhg","TS-III Analog Upgradable","15-100-0118","Adult Cuff with connector M5124(25cm-35cm)","","","","1","Replacement Pending from BLT","",""
"127","28 Jul 2026","gfyhg","TS-III Analog Upgradable","15-100-0118","Adult Cuff with connector M5124(25cm-35cm)","","","","1","Replacement Pending from BLT","",""
"128","28 Jul 2026","gfyhg","TS-III Analog Upgradable","15-100-0118","Adult Cuff with connector M5124(25cm-35cm)","","","","1","Replacement Pending from BLT","",""
"129","28 Jul 2026","gfyhg","TS-III Analog Upgradable","15-100-0118","Adult Cuff with connector M5124(25cm-35cm)","","","","1","Replacement Pending from BLT","",""
"130","28 Jul 2026","gfyhg","TS-III Analog Upgradable","15-100-0118","Adult Cuff with connector M5124(25cm-35cm)","","","","1","Replacement Pending from BLT","",""
"131","28 Jul 2026","gfyhg","TS-III Analog Upgradable","15-100-0118","Adult Cuff with connector M5124(25cm-35cm)","","","","1","Replacement Pending from BLT","",""
"132","28 Jul 2026","gfyhg","TS-III Analog Upgradable","15-100-0118","Adult Cuff with connector M5124(25cm-35cm)","","","","1","Replacement Pending from BLT","",""
"133","28 Jul 2026","gfyhg","TS-III Analog Upgradable","15-100-0118","Adult Cuff with connector M5124(25cm-35cm)","","","","1","Replacement Pending from BLT","",""
"134","28 Jul 2026","gfyhg","TS-III Analog Upgradable","15-100-0118","Adult Cuff with connector M5124(25cm-35cm)","","","","1","Replacement Pending from BLT","",""
"135","28 Jul 2026","gfyhg","TS-III Analog Upgradable","15-100-0118","Adult Cuff with connector M5124(25cm-35cm)","","","","1","Replacement Pending from BLT","",""
"136","28 Jul 2026","gfyhg","TS-III Analog Upgradable","15-100-0118","Adult Cuff with connector M5124(25cm-35cm)","","","","1","Replacement Pending from BLT","",""
"137","28 Jul 2026","gfyhg","TS-III Analog Upgradable","15-100-0118","Adult Cuff with connector M5124(25cm-35cm)","","","","1","Replacement Pending from BLT","",""
"138","28 Jul 2026","gfyhg","TS-III Analog Upgradable","15-100-0118","Adult Cuff with connector M5124(25cm-35cm)","","","","1","Replacement Pending from BLT","",""
"139","28 Jul 2026","gfyhg","TS-III Analog Upgradable","15-100-0118","Adult Cuff with connector M5124(25cm-35cm)","","","","1","Replacement Pending from BLT","",""
"140","28 Jul 2026","gfyhg","TS-III Analog Upgradable","15-100-0118","Adult Cuff with connector M5124(25cm-35cm)","","","","1","Replacement Pending from BLT","",""
"141","28 Jul 2026","gfyhg","TS-III Analog Upgradable","15-100-0118","Adult Cuff with connector M5124(25cm-35cm)","","","","1","Replacement Pending from BLT","",""
"142","28 Jul 2026","gfyhg","TS-III Analog Upgradable","15-100-0118","Adult Cuff with connector M5124(25cm-35cm)","","","","1","Replacement Pending from BLT","",""
"143","28 Jul 2026","gfyhg","TS-III Analog Upgradable","15-100-0118","Adult Cuff with connector M5124(25cm-35cm)","","","","1","Replacement Pending from BLT","",""
"144","28 Jul 2026","gfyhg","TS-III Analog Upgradable","15-100-0118","Adult Cuff with connector M5124(25cm-35cm)","","","","1","Replacement Pending from BLT","",""
"145","28 Jul 2026","gfyhg","TS-III Analog Upgradable","15-100-0118","Adult Cuff with connector M5124(25cm-35cm)","","","","1","Replacement Pending from BLT","",""
"146","28 Jul 2026","gfyhg","TS-III Analog Upgradable","15-100-0118","Adult Cuff with connector M5124(25cm-35cm)","","","","1","Replacement Pending from BLT","",""
"147","28 Jul 2026","gfyhg","TS-III Analog Upgradable","15-100-0118","Adult Cuff with connector M5124(25cm-35cm)","","","","1","Replacement Pending from BLT","",""
"148","28 Jul 2026","gfyhg","TS-III Analog Upgradable","15-100-0118","Adult Cuff with connector M5124(25cm-35cm)","","","","1","Replacement Pending from BLT","",""
"149","28 Jul 2026","gfyhg","TS-III Analog Upgradable","15-100-0118","Adult Cuff with connector M5124(25cm-35cm)","","","","1","Replacement Pending from BLT","",""
"150","28 Jul 2026","gfyhg","TS-III Analog Upgradable","15-100-0118","Adult Cuff with connector M5124(25cm-35cm)","","","","1","Replacement Pending from BLT","",""
"151","28 Jul 2026","gfyhg","TS-III Analog Upgradable","15-100-0118","Adult Cuff with connector M5124(25cm-35cm)","","","","1","Replacement Pending from BLT","",""
"152","28 Jul 2026","gfyhg","TS-III Analog Upgradable","15-100-0118","Adult Cuff with connector M5124(25cm-35cm)","","","","1","Replacement Pending from BLT","",""
"153","28 Jul 2026","gfyhg","TS-III Analog Upgradable","15-100-0118","Adult Cuff with connector M5124(25cm-35cm)","","","","1","Replacement Pending from BLT","",""
"154","28 Jul 2026","gfyhg","TS-III Analog Upgradable","15-100-0118","Adult Cuff with connector M5124(25cm-35cm)","","","","1","Replacement Pending from BLT","",""
"155","28 Jul 2026","gfyhg","TS-III Analog Upgradable","15-100-0118","Adult Cuff with connector M5124(25cm-35cm)","","","","1","Replacement Pending from BLT","",""
"156","28 Jul 2026","gfyhg","TS-III Analog Upgradable","15-100-0118","Adult Cuff with connector M5124(25cm-35cm)","","","","1","Replacement Pending from BLT","",""
"157","28 Jul 2026","gfyhg","TS-III Analog Upgradable","15-100-0118","Adult Cuff with connector M5124(25cm-35cm)","","","","1","Replacement Pending from BLT","",""
"158","28 Jul 2026","gfyhg","TS-III Analog Upgradable","15-100-0118","Adult Cuff with connector M5124(25cm-35cm)","","","","1","Replacement Pending from BLT","",""
"159","28 Jul 2026","gfyhg","TS-III Analog Upgradable","15-100-0118","Adult Cuff with connector M5124(25cm-35cm)","","","","1","Replacement Pending from BLT","",""
"160","28 Jul 2026","gfyhg","TS-III Analog Upgradable","15-100-0118","Adult Cuff with connector M5124(25cm-35cm)","","","","1","Replacement Pending from BLT","",""
"161","28 Jul 2026","gfyhg","TS-III Analog Upgradable","15-100-0118","Adult Cuff with connector M5124(25cm-35cm)","","","","1","Replacement Pending from BLT","",""
"162","28 Jul 2026","gfyhg","TS-III Analog Upgradable","15-100-0118","Adult Cuff with connector M5124(25cm-35cm)","","","","1","Replacement Pending from BLT","",""
"163","28 Jul 2026","gfyhg","TS-III Analog Upgradable","15-100-0118","Adult Cuff with connector M5124(25cm-35cm)","","","","1","Replacement Pending from BLT","",""
"164","28 Jul 2026","gfyhg","TS-III Analog Upgradable","15-100-0118","Adult Cuff with connector M5124(25cm-35cm)","","","","1","Replacement Pending from BLT","",""
"165","28 Jul 2026","gfyhg","TS-III Analog Upgradable","15-100-0118","Adult Cuff with connector M5124(25cm-35cm)","","","","1","Replacement Pending from BLT","",""
"166","28 Jul 2026","gfyhg","TS-III Analog Upgradable","15-100-0118","Adult Cuff with connector M5124(25cm-35cm)","","","","1","Replacement Pending from BLT","",""
"167","28 Jul 2026","gfyhg","TS-III Analog Upgradable","15-100-0118","Adult Cuff with connector M5124(25cm-35cm)","","","","1","Replacement Pending from BLT","",""
"168","28 Jul 2026","gfyhg","TS-III Analog Upgradable","15-100-0118","Adult Cuff with connector M5124(25cm-35cm)","","","","1","Replacement Pending from BLT","",""
"169","28 Jul 2026","gfyhg","TS-III Analog Upgradable","15-100-0118","Adult Cuff with connector M5124(25cm-35cm)","","","","1","Replacement Pending from BLT","",""
"170","28 Jul 2026","gfyhg","TS-III Analog Upgradable","15-100-0118","Adult Cuff with connector M5124(25cm-35cm)","","","","1","Replacement Pending from BLT","",""
"171","28 Jul 2026","gfyhg","TS-III Analog Upgradable","15-100-0118","Adult Cuff with connector M5124(25cm-35cm)","","","","1","Replacement Pending from BLT","",""
"172","28 Jul 2026","gfyhg","TS-III Analog Upgradable","15-100-0118","Adult Cuff with connector M5124(25cm-35cm)","","","","1","Replacement Pending from BLT","",""
"173","28 Jul 2026","gfyhg","TS-III Analog Upgradable","15-100-0118","Adult Cuff with connector M5124(25cm-35cm)","","","","1","Replacement Pending from BLT","",""
"174","28 Jul 2026","gfyhg","TS-III Analog Upgradable","15-100-0118","Adult Cuff with connector M5124(25cm-35cm)","","","","1","Replacement Pending from BLT","",""
"175","28 Jul 2026","gfyhg","TS-III Analog Upgradable","15-100-0118","Adult Cuff with connector M5124(25cm-35cm)","","","","1","Replacement Pending from BLT","",""
"176","28 Jul 2026","gfyhg","TS-III Analog Upgradable","15-100-0118","Adult Cuff with connector M5124(25cm-35cm)","","","","1","Replacement Pending from BLT","",""
"177","28 Jul 2026","gfyhg","TS-III Analog Upgradable","15-100-0118","Adult Cuff with connector M5124(25cm-35cm)","","","","1","Replacement Pending from BLT","",""
"178","28 Jul 2026","gfyhg","TS-III Analog Upgradable","15-100-0118","Adult Cuff with connector M5124(25cm-35cm)","","","","1","Replacement Pending from BLT","",""
"179","28 Jul 2026","gfyhg","TS-III Analog Upgradable","15-100-0118","Adult Cuff with connector M5124(25cm-35cm)","","","","1","Replacement Pending from BLT","",""
"180","28 Jul 2026","gfyhg","TS-III Analog Upgradable","15-100-0118","Adult Cuff with connector M5124(25cm-35cm)","","","","1","Replacement Pending from BLT","",""
"181","28 Jul 2026","gfyhg","TS-III Analog Upgradable","15-100-0118","Adult Cuff with connector M5124(25cm-35cm)","","","","1","Replacement Pending from BLT","",""
"182","28 Jul 2026","gfyhg","TS-III Analog Upgradable","15-100-0118","Adult Cuff with connector M5124(25cm-35cm)","","","","1","Replacement Pending from BLT","",""
"183","28 Jul 2026","gfyhg","TS-III Analog Upgradable","15-100-0118","Adult Cuff with connector M5124(25cm-35cm)","","","","1","Replacement Pending from BLT","",""
"184","28 Jul 2026","gfyhg","TS-III Analog Upgradable","15-100-0118","Adult Cuff with connector M5124(25cm-35cm)","","","","1","Replacement Pending from BLT","",""
"185","28 Jul 2026","gfyhg","TS-III Analog Upgradable","15-100-0118","Adult Cuff with connector M5124(25cm-35cm)","","","","1","Replacement Pending from BLT","",""
"186","28 Jul 2026","gfyhg","TS-III Analog Upgradable","15-100-0118","Adult Cuff with connector M5124(25cm-35cm)","","","","1","Replacement Pending from BLT","",""
"187","28 Jul 2026","gfyhg","TS-III Analog Upgradable","15-100-0118","Adult Cuff with connector M5124(25cm-35cm)","","","","1","Replacement Pending from BLT","",""
"188","28 Jul 2026","gfyhg","TS-III Analog Upgradable","15-100-0118","Adult Cuff with connector M5124(25cm-35cm)","","","","1","Replacement Pending from BLT","",""
"189","28 Jul 2026","gfyhg","TS-III Analog Upgradable","15-100-0118","Adult Cuff with connector M5124(25cm-35cm)","","","","1","Replacement Pending from BLT","",""
"190","28 Jul 2026","gfyhg","TS-III Analog Upgradable","15-100-0118","Adult Cuff with connector M5124(25cm-35cm)","","","","1","Replacement Pending from BLT","",""
"191","28 Jul 2026","gfyhg","TS-III Analog Upgradable","15-100-0118","Adult Cuff with connector M5124(25cm-35cm)","","","","1","Replacement Pending from BLT","",""
"192","28 Jul 2026","gfyhg","TS-III Analog Upgradable","15-100-0118","Adult Cuff with connector M5124(25cm-35cm)","","","","1","Replacement Pending from BLT","",""
"193","28 Jul 2026","gfyhg","TS-III Analog Upgradable","15-100-0118","Adult Cuff with connector M5124(25cm-35cm)","","","","1","Replacement Pending from BLT","",""
"194","28 Jul 2026","gfyhg","TS-III Analog Upgradable","15-100-0118","Adult Cuff with connector M5124(25cm-35cm)","","","","1","Replacement Pending from BLT","",""
"195","28 Jul 2026","gfyhg","TS-III Analog Upgradable","15-100-0118","Adult Cuff with connector M5124(25cm-35cm)","","","","1","Replacement Pending from BLT","",""
"196","28 Jul 2026","gfyhg","TS-III Analog Upgradable","15-100-0118","Adult Cuff with connector M5124(25cm-35cm)","","","","1","Replacement Pending from BLT","",""
"197","28 Jul 2026","gfyhg","TS-III Analog Upgradable","15-100-0118","Adult Cuff with connector M5124(25cm-35cm)","","","","1","Replacement Pending from BLT","",""
"198","28 Jul 2026","gfyhg","TS-III Analog Upgradable","15-100-0118","Adult Cuff with connector M5124(25cm-35cm)","","","","1","Replacement Pending from BLT","",""
"199","28 Jul 2026","gfyhg","TS-III Analog Upgradable","15-100-0118","Adult Cuff with connector M5124(25cm-35cm)","","","","1","Replacement Pending from BLT","",""
"200","28 Jul 2026","gfyhg","TS-III Analog Upgradable","15-100-0118","Adult Cuff with connector M5124(25cm-35cm)","","","","1","Replacement Pending from BLT","",""
"201","28 Jul 2026","gfyhg","TS-III Analog Upgradable","15-100-0121","Paediatric Cuff with connector M5123(18-26cm)","","","","1","Replacement Pending from BLT","",""
"202","28 Jul 2026","gfyhg","TS-III Analog Upgradable","15-100-0121","Paediatric Cuff with connector M5123(18-26cm)","","","","1","Replacement Pending from BLT","",""
"203","28 Jul 2026","gfyhg","TS-III Analog Upgradable","15-100-0121","Paediatric Cuff with connector M5123(18-26cm)","","","","1","Replacement Pending from BLT","",""
"204","28 Jul 2026","gfyhg","TS-III Analog Upgradable","15-100-0121","Paediatric Cuff with connector M5123(18-26cm)","","","","1","Replacement Pending from BLT","",""
"205","28 Jul 2026","gfyhg","TS-III Analog Upgradable","15-100-0121","Paediatric Cuff with connector M5123(18-26cm)","","","","1","Replacement Pending from BLT","",""
"206","28 Jul 2026","gfyhg","TS-III Analog Upgradable","15-100-0121","Paediatric Cuff with connector M5123(18-26cm)","","","","1","Replacement Pending from BLT","",""
"207","28 Jul 2026","gfyhg","TS-III Analog Upgradable","15-100-0121","Paediatric Cuff with connector M5123(18-26cm)","","","","1","Replacement Pending from BLT","",""
"208","28 Jul 2026","gfyhg","TS-III Analog Upgradable","15-100-0121","Paediatric Cuff with connector M5123(18-26cm)","","","","1","Replacement Pending from BLT","",""
"209","28 Jul 2026","gfyhg","TS-III Analog Upgradable","15-100-0121","Paediatric Cuff with connector M5123(18-26cm)","","","","1","Replacement Pending from BLT","",""
"210","28 Jul 2026","gfyhg","TS-III Analog Upgradable","15-100-0121","Paediatric Cuff with connector M5123(18-26cm)","","","","1","Replacement Pending from BLT","",""
"211","28 Jul 2026","gfyhg","TS-III Analog Upgradable","15-100-0121","Paediatric Cuff with connector M5123(18-26cm)","","","","1","Replacement Pending from BLT","",""
"212","28 Jul 2026","gfyhg","TS-III Analog Upgradable","15-100-0121","Paediatric Cuff with connector M5123(18-26cm)","","","","1","Replacement Pending from BLT","",""
"213","28 Jul 2026","gfyhg","TS-III Analog Upgradable","15-100-0121","Paediatric Cuff with connector M5123(18-26cm)","","","","1","Replacement Pending from BLT","",""
"214","28 Jul 2026","gfyhg","TS-III Analog Upgradable","15-100-0121","Paediatric Cuff with connector M5123(18-26cm)","","","","1","Replacement Pending from BLT","",""
"215","28 Jul 2026","gfyhg","TS-III Analog Upgradable","15-100-0121","Paediatric Cuff with connector M5123(18-26cm)","","","","1","Replacement Pending from BLT","",""
"216","28 Jul 2026","gfyhg","TS-III Analog Upgradable","15-100-0121","Paediatric Cuff with connector M5123(18-26cm)","","","","1","Replacement Pending from BLT","",""
"217","28 Jul 2026","gfyhg","TS-III Analog Upgradable","15-100-0121","Paediatric Cuff with connector M5123(18-26cm)","","","","1","Replacement Pending from BLT","",""
"218","28 Jul 2026","gfyhg","TS-III Analog Upgradable","15-100-0121","Paediatric Cuff with connector M5123(18-26cm)","","","","1","Replacement Pending from BLT","",""
"219","28 Jul 2026","gfyhg","TS-III Analog Upgradable","15-100-0121","Paediatric Cuff with connector M5123(18-26cm)","","","","1","Replacement Pending from BLT","",""
"220","28 Jul 2026","gfyhg","TS-III Analog Upgradable","15-100-0121","Paediatric Cuff with connector M5123(18-26cm)","","","","1","Replacement Pending from BLT","",""
"221","28 Jul 2026","gfyhg","TS-III Analog Upgradable","15-100-0121","Paediatric Cuff with connector M5123(18-26cm)","","","","1","Replacement Pending from BLT","",""
"222","28 Jul 2026","gfyhg","TS-III Analog Upgradable","15-100-0121","Paediatric Cuff with connector M5123(18-26cm)","","","","1","Replacement Pending from BLT","",""
"223","28 Jul 2026","gfyhg","TS-III Analog Upgradable","15-100-0121","Paediatric Cuff with connector M5123(18-26cm)","","","","1","Replacement Pending from BLT","",""
"224","28 Jul 2026","gfyhg","TS-III Analog Upgradable","15-100-0121","Paediatric Cuff with connector M5123(18-26cm)","","","","1","Replacement Pending from BLT","",""
"225","28 Jul 2026","gfyhg","TS-III Analog Upgradable","15-100-0121","Paediatric Cuff with connector M5123(18-26cm)","","","","1","Replacement Pending from BLT","",""
"226","28 Jul 2026","gfyhg","TS-III Analog Upgradable","15-100-0121","Paediatric Cuff with connector M5123(18-26cm)","","","","1","Replacement Pending from BLT","",""
"227","28 Jul 2026","gfyhg","TS-III Analog Upgradable","15-100-0121","Paediatric Cuff with connector M5123(18-26cm)","","","","1","Replacement Pending from BLT","",""
"228","28 Jul 2026","gfyhg","TS-III Analog Upgradable","15-100-0121","Paediatric Cuff with connector M5123(18-26cm)","","","","1","Replacement Pending from BLT","",""
"229","28 Jul 2026","gfyhg","TS-III Analog Upgradable","15-100-0121","Paediatric Cuff with connector M5123(18-26cm)","","","","1","Replacement Pending from BLT","",""
"230","28 Jul 2026","gfyhg","TS-III Analog Upgradable","15-100-0121","Paediatric Cuff with connector M5123(18-26cm)","","","","1","Replacement Pending from BLT","",""
"231","28 Jul 2026","gfyhg","TS-III Analog Upgradable","15-100-0121","Paediatric Cuff with connector M5123(18-26cm)","","","","1","Replacement Pending from BLT","",""
"232","28 Jul 2026","gfyhg","TS-III Analog Upgradable","15-100-0121","Paediatric Cuff with connector M5123(18-26cm)","","","","1","Replacement Pending from BLT","",""
"233","28 Jul 2026","gfyhg","TS-III Analog Upgradable","15-100-0121","Paediatric Cuff with connector M5123(18-26cm)","","","","1","Replacement Pending from BLT","",""
"234","28 Jul 2026","gfyhg","TS-III Analog Upgradable","15-100-0121","Paediatric Cuff with connector M5123(18-26cm)","","","","1","Replacement Pending from BLT","",""
"235","28 Jul 2026","gfyhg","TS-III Analog Upgradable","15-100-0121","Paediatric Cuff with connector M5123(18-26cm)","","","","1","Replacement Pending from BLT","",""
"236","28 Jul 2026","gfyhg","TS-III Analog Upgradable","15-100-0121","Paediatric Cuff with connector M5123(18-26cm)","","","","1","Replacement Pending from BLT","",""
"237","28 Jul 2026","gfyhg","TS-III Analog Upgradable","15-100-0121","Paediatric Cuff with connector M5123(18-26cm)","","","","1","Replacement Pending from BLT","",""
"238","28 Jul 2026","gfyhg","TS-III Analog Upgradable","15-100-0121","Paediatric Cuff with connector M5123(18-26cm)","","","","1","Replacement Pending from BLT","",""
"239","28 Jul 2026","gfyhg","TS-III Analog Upgradable","15-100-0121","Paediatric Cuff with connector M5123(18-26cm)","","","","1","Replacement Pending from BLT","",""
"240","28 Jul 2026","gfyhg","TS-III Analog Upgradable","15-100-0121","Paediatric Cuff with connector M5123(18-26cm)","","","","1","Replacement Pending from BLT","",""
"241","28 Jul 2026","gfyhg","TS-III Analog Upgradable","15-100-0121","Paediatric Cuff with connector M5123(18-26cm)","","","","1","Replacement Pending from BLT","",""
"242","28 Jul 2026","gfyhg","TS-III Analog Upgradable","15-100-0121","Paediatric Cuff with connector M5123(18-26cm)","","","","1","Replacement Pending from BLT","",""
"243","28 Jul 2026","gfyhg","TS-III Analog Upgradable","15-100-0121","Paediatric Cuff with connector M5123(18-26cm)","","","","1","Replacement Pending from BLT","",""
"244","28 Jul 2026","gfyhg","TS-III Analog Upgradable","15-100-0121","Paediatric Cuff with connector M5123(18-26cm)","","","","1","Replacement Pending from BLT","",""
"245","28 Jul 2026","gfyhg","TS-III Analog Upgradable","15-100-0121","Paediatric Cuff with connector M5123(18-26cm)","","","","1","Replacement Pending from BLT","",""
"246","28 Jul 2026","gfyhg","TS-III Analog Upgradable","15-100-0121","Paediatric Cuff with connector M5123(18-26cm)","","","","1","Replacement Pending from BLT","",""
"247","28 Jul 2026","gfyhg","TS-III Analog Upgradable","15-100-0121","Paediatric Cuff with connector M5123(18-26cm)","","","","1","Replacement Pending from BLT","",""
"248","28 Jul 2026","gfyhg","TS-III Analog Upgradable","15-100-0121","Paediatric Cuff with connector M5123(18-26cm)","","","","1","Replacement Pending from BLT","",""
"249","28 Jul 2026","gfyhg","TS-III Analog Upgradable","15-100-0121","Paediatric Cuff with connector M5123(18-26cm)","","","","1","Replacement Pending from BLT","",""
"250","28 Jul 2026","gfyhg","TS-III Analog Upgradable","15-100-0121","Paediatric Cuff with connector M5123(18-26cm)","","","","1","Replacement Pending from BLT","",""
"251","28 Jul 2026","gfyhg","TS-III Analog Upgradable","15-100-0121","Paediatric Cuff with connector M5123(18-26cm)","","","","1","Replacement Pending from BLT","",""
"252","28 Jul 2026","gfyhg","TS-III Analog Upgradable","15-100-0121","Paediatric Cuff with connector M5123(18-26cm)","","","","1","Replacement Pending from BLT","",""
"253","28 Jul 2026","gfyhg","TS-III Analog Upgradable","15-100-0121","Paediatric Cuff with connector M5123(18-26cm)","","","","1","Replacement Pending from BLT","",""
"254","28 Jul 2026","gfyhg","TS-III Analog Upgradable","15-100-0121","Paediatric Cuff with connector M5123(18-26cm)","","","","1","Replacement Pending from BLT","",""
"255","28 Jul 2026","gfyhg","TS-III Analog Upgradable","15-100-0121","Paediatric Cuff with connector M5123(18-26cm)","","","","1","Replacement Pending from BLT","",""
"256","28 Jul 2026","gfyhg","TS-III Analog Upgradable","15-100-0121","Paediatric Cuff with connector M5123(18-26cm)","","","","1","Replacement Pending from BLT","",""
"257","28 Jul 2026","gfyhg","TS-III Analog Upgradable","15-100-0121","Paediatric Cuff with connector M5123(18-26cm)","","","","1","Replacement Pending from BLT","",""
"258","28 Jul 2026","gfyhg","TS-III Analog Upgradable","15-100-0121","Paediatric Cuff with connector M5123(18-26cm)","","","","1","Replacement Pending from BLT","",""
"259","28 Jul 2026","gfyhg","TS-III Analog Upgradable","15-100-0121","Paediatric Cuff with connector M5123(18-26cm)","","","","1","Replacement Pending from BLT","",""
"260","28 Jul 2026","gfyhg","TS-III Analog Upgradable","15-100-0121","Paediatric Cuff with connector M5123(18-26cm)","","","","1","Replacement Pending from BLT","",""
"261","28 Jul 2026","gfyhg","TS-III Analog Upgradable","15-100-0121","Paediatric Cuff with connector M5123(18-26cm)","","","","1","Replacement Pending from BLT","",""
"262","28 Jul 2026","gfyhg","TS-III Analog Upgradable","15-100-0121","Paediatric Cuff with connector M5123(18-26cm)","","","","1","Replacement Pending from BLT","",""
"263","28 Jul 2026","gfyhg","TS-III Analog Upgradable","15-100-0121","Paediatric Cuff with connector M5123(18-26cm)","","","","1","Replacement Pending from BLT","",""
"264","28 Jul 2026","gfyhg","TS-III Analog Upgradable","15-100-0121","Paediatric Cuff with connector M5123(18-26cm)","","","","1","Replacement Pending from BLT","",""
"265","28 Jul 2026","gfyhg","TS-III Analog Upgradable","15-100-0121","Paediatric Cuff with connector M5123(18-26cm)","","","","1","Replacement Pending from BLT","",""
"266","28 Jul 2026","gfyhg","TS-III Analog Upgradable","15-100-0121","Paediatric Cuff with connector M5123(18-26cm)","","","","1","Replacement Pending from BLT","",""
"267","28 Jul 2026","gfyhg","TS-III Analog Upgradable","15-100-0121","Paediatric Cuff with connector M5123(18-26cm)","","","","1","Replacement Pending from BLT","",""
"268","28 Jul 2026","gfyhg","TS-III Analog Upgradable","15-100-0121","Paediatric Cuff with connector M5123(18-26cm)","","","","1","Replacement Pending from BLT","",""
"269","28 Jul 2026","gfyhg","TS-III Analog Upgradable","15-100-0121","Paediatric Cuff with connector M5123(18-26cm)","","","","1","Replacement Pending from BLT","",""
"270","28 Jul 2026","gfyhg","TS-III Analog Upgradable","15-100-0121","Paediatric Cuff with connector M5123(18-26cm)","","","","1","Replacement Pending from BLT","",""
"271","28 Jul 2026","gfyhg","TS-III Analog Upgradable","15-100-0121","Paediatric Cuff with connector M5123(18-26cm)","","","","1","Replacement Pending from BLT","",""
"272","28 Jul 2026","gfyhg","TS-III Analog Upgradable","15-100-0121","Paediatric Cuff with connector M5123(18-26cm)","","","","1","Replacement Pending from BLT","",""
"273","28 Jul 2026","gfyhg","TS-III Analog Upgradable","15-100-0121","Paediatric Cuff with connector M5123(18-26cm)","","","","1","Replacement Pending from BLT","",""
"274","28 Jul 2026","gfyhg","TS-III Analog Upgradable","15-100-0121","Paediatric Cuff with connector M5123(18-26cm)","","","","1","Replacement Pending from BLT","",""
"275","28 Jul 2026","gfyhg","TS-III Analog Upgradable","15-100-0121","Paediatric Cuff with connector M5123(18-26cm)","","","","1","Replacement Pending from BLT","",""
"276","28 Jul 2026","gfyhg","TS-III Analog Upgradable","15-100-0121","Paediatric Cuff with connector M5123(18-26cm)","","","","1","Replacement Pending from BLT","",""
"277","28 Jul 2026","gfyhg","TS-III Analog Upgradable","15-100-0121","Paediatric Cuff with connector M5123(18-26cm)","","","","1","Replacement Pending from BLT","",""
"278","28 Jul 2026","gfyhg","TS-III Analog Upgradable","15-100-0121","Paediatric Cuff with connector M5123(18-26cm)","","","","1","Replacement Pending from BLT","",""
"279","28 Jul 2026","gfyhg","TS-III Analog Upgradable","15-100-0121","Paediatric Cuff with connector M5123(18-26cm)","","","","1","Replacement Pending from BLT","",""
"280","28 Jul 2026","gfyhg","TS-III Analog Upgradable","15-100-0121","Paediatric Cuff with connector M5123(18-26cm)","","","","1","Replacement Pending from BLT","",""
"281","28 Jul 2026","gfyhg","TS-III Analog Upgradable","15-100-0121","Paediatric Cuff with connector M5123(18-26cm)","","","","1","Replacement Pending from BLT","",""
"282","28 Jul 2026","gfyhg","TS-III Analog Upgradable","15-100-0121","Paediatric Cuff with connector M5123(18-26cm)","","","","1","Replacement Pending from BLT","",""
"283","28 Jul 2026","gfyhg","TS-III Analog Upgradable","15-100-0121","Paediatric Cuff with connector M5123(18-26cm)","","","","1","Replacement Pending from BLT","",""
"284","28 Jul 2026","gfyhg","TS-III Analog Upgradable","15-100-0121","Paediatric Cuff with connector M5123(18-26cm)","","","","1","Replacement Pending from BLT","",""
"285","28 Jul 2026","gfyhg","TS-III Analog Upgradable","15-100-0121","Paediatric Cuff with connector M5123(18-26cm)","","","","1","Replacement Pending from BLT","",""
"286","28 Jul 2026","gfyhg","TS-III Analog Upgradable","15-100-0121","Paediatric Cuff with connector M5123(18-26cm)","","","","1","Replacement Pending from BLT","",""
"287","28 Jul 2026","gfyhg","TS-III Analog Upgradable","15-100-0121","Paediatric Cuff with connector M5123(18-26cm)","","","","1","Replacement Pending from BLT","",""
"288","28 Jul 2026","gfyhg","TS-III Analog Upgradable","15-100-0121","Paediatric Cuff with connector M5123(18-26cm)","","","","1","Replacement Pending from BLT","",""
"289","28 Jul 2026","gfyhg","TS-III Analog Upgradable","15-100-0121","Paediatric Cuff with connector M5123(18-26cm)","","","","1","Replacement Pending from BLT","",""
"290","28 Jul 2026","gfyhg","TS-III Analog Upgradable","15-100-0121","Paediatric Cuff with connector M5123(18-26cm)","","","","1","Replacement Pending from BLT","",""
"291","28 Jul 2026","gfyhg","TS-III Analog Upgradable","15-100-0121","Paediatric Cuff with connector M5123(18-26cm)","","","","1","Replacement Pending from BLT","",""
"292","28 Jul 2026","gfyhg","TS-III Analog Upgradable","15-100-0121","Paediatric Cuff with connector M5123(18-26cm)","","","","1","Replacement Pending from BLT","",""
"293","28 Jul 2026","gfyhg","TS-III Analog Upgradable","15-100-0121","Paediatric Cuff with connector M5123(18-26cm)","","","","1","Replacement Pending from BLT","",""
"294","28 Jul 2026","gfyhg","TS-III Analog Upgradable","15-100-0121","Paediatric Cuff with connector M5123(18-26cm)","","","","1","Replacement Pending from BLT","",""
"295","28 Jul 2026","gfyhg","TS-III Analog Upgradable","15-100-0121","Paediatric Cuff with connector M5123(18-26cm)","","","","1","Replacement Pending from BLT","",""
"296","28 Jul 2026","gfyhg","TS-III Analog Upgradable","15-100-0121","Paediatric Cuff with connector M5123(18-26cm)","","","","1","Replacement Pending from BLT","",""
"297","28 Jul 2026","gfyhg","TS-III Analog Upgradable","15-100-0121","Paediatric Cuff with connector M5123(18-26cm)","","","","1","Replacement Pending from BLT","",""
"298","28 Jul 2026","gfyhg","TS-III Analog Upgradable","15-100-0121","Paediatric Cuff with connector M5123(18-26cm)","","","","1","Replacement Pending from BLT","",""
"299","28 Jul 2026","gfyhg","TS-III Analog Upgradable","15-100-0121","Paediatric Cuff with connector M5123(18-26cm)","","","","1","Replacement Pending from BLT","",""
"300","28 Jul 2026","gfyhg","TS-III Analog Upgradable","15-100-0121","Paediatric Cuff with connector M5123(18-26cm)","","","","1","Replacement Pending from BLT","",""
"301","28 Jul 2026","gfyhg","TS-III Analog Upgradable","15-100-0320","BLT Analog SpO2 adult reusable sensor (9pin)","","","","1","Replacement Pending from BLT","",""
"302","28 Jul 2026","gfyhg","TS-III Analog Upgradable","15-100-0320","BLT Analog SpO2 adult reusable sensor (9pin)","","","","1","Replacement Pending from BLT","",""
"303","28 Jul 2026","gfyhg","TS-III Analog Upgradable","15-100-0320","BLT Analog SpO2 adult reusable sensor (9pin)","","","","1","Replacement Pending from BLT","",""
"304","28 Jul 2026","gfyhg","TS-III Analog Upgradable","15-100-0320","BLT Analog SpO2 adult reusable sensor (9pin)","","","","1","Replacement Pending from BLT","",""
"305","28 Jul 2026","gfyhg","TS-III Analog Upgradable","15-100-0320","BLT Analog SpO2 adult reusable sensor (9pin)","","","","1","Replacement Pending from BLT","",""
"306","28 Jul 2026","gfyhg","TS-III Analog Upgradable","15-100-0320","BLT Analog SpO2 adult reusable sensor (9pin)","","","","1","Replacement Pending from BLT","",""
"307","28 Jul 2026","gfyhg","TS-III Analog Upgradable","15-100-0320","BLT Analog SpO2 adult reusable sensor (9pin)","","","","1","Replacement Pending from BLT","",""
"308","28 Jul 2026","gfyhg","TS-III Analog Upgradable","15-100-0320","BLT Analog SpO2 adult reusable sensor (9pin)","","","","1","Replacement Pending from BLT","",""
"309","28 Jul 2026","gfyhg","TS-III Analog Upgradable","15-100-0320","BLT Analog SpO2 adult reusable sensor (9pin)","","","","1","Replacement Pending from BLT","",""
"310","28 Jul 2026","gfyhg","TS-III Analog Upgradable","15-100-0320","BLT Analog SpO2 adult reusable sensor (9pin)","","","","1","Replacement Pending from BLT","",""
"311","28 Jul 2026","gfyhg","TS-III Analog Upgradable","15-100-0320","BLT Analog SpO2 adult reusable sensor (9pin)","","","","1","Replacement Pending from BLT","",""
"312","28 Jul 2026","gfyhg","TS-III Analog Upgradable","15-100-0320","BLT Analog SpO2 adult reusable sensor (9pin)","","","","1","Replacement Pending from BLT","",""
"313","28 Jul 2026","gfyhg","TS-III Analog Upgradable","15-100-0320","BLT Analog SpO2 adult reusable sensor (9pin)","","","","1","Replacement Pending from BLT","",""
"314","28 Jul 2026","gfyhg","TS-III Analog Upgradable","15-100-0320","BLT Analog SpO2 adult reusable sensor (9pin)","","","","1","Replacement Pending from BLT","",""
"315","28 Jul 2026","gfyhg","TS-III Analog Upgradable","15-100-0320","BLT Analog SpO2 adult reusable sensor (9pin)","","","","1","Replacement Pending from BLT","",""
"316","28 Jul 2026","gfyhg","TS-III Analog Upgradable","15-100-0320","BLT Analog SpO2 adult reusable sensor (9pin)","","","","1","Replacement Pending from BLT","",""
"317","28 Jul 2026","gfyhg","TS-III Analog Upgradable","15-100-0320","BLT Analog SpO2 adult reusable sensor (9pin)","","","","1","Replacement Pending from BLT","",""
"318","28 Jul 2026","gfyhg","TS-III Analog Upgradable","15-100-0320","BLT Analog SpO2 adult reusable sensor (9pin)","","","","1","Replacement Pending from BLT","",""
"319","28 Jul 2026","gfyhg","TS-III Analog Upgradable","15-100-0320","BLT Analog SpO2 adult reusable sensor (9pin)","","","","1","Replacement Pending from BLT","",""
"320","28 Jul 2026","gfyhg","TS-III Analog Upgradable","15-100-0320","BLT Analog SpO2 adult reusable sensor (9pin)","","","","1","Replacement Pending from BLT","",""
"321","28 Jul 2026","gfyhg","TS-III Analog Upgradable","15-100-0320","BLT Analog SpO2 adult reusable sensor (9pin)","","","","1","Replacement Pending from BLT","",""
"322","28 Jul 2026","gfyhg","TS-III Analog Upgradable","15-100-0320","BLT Analog SpO2 adult reusable sensor (9pin)","","","","1","Replacement Pending from BLT","",""
"323","28 Jul 2026","gfyhg","TS-III Analog Upgradable","15-100-0320","BLT Analog SpO2 adult reusable sensor (9pin)","","","","1","Replacement Pending from BLT","",""
"324","28 Jul 2026","gfyhg","TS-III Analog Upgradable","15-100-0320","BLT Analog SpO2 adult reusable sensor (9pin)","","","","1","Replacement Pending from BLT","",""
"325","28 Jul 2026","gfyhg","TS-III Analog Upgradable","15-100-0320","BLT Analog SpO2 adult reusable sensor (9pin)","","","","1","Replacement Pending from BLT","",""
"326","28 Jul 2026","gfyhg","TS-III Analog Upgradable","15-100-0320","BLT Analog SpO2 adult reusable sensor (9pin)","","","","1","Replacement Pending from BLT","",""
"327","28 Jul 2026","gfyhg","TS-III Analog Upgradable","15-100-0320","BLT Analog SpO2 adult reusable sensor (9pin)","","","","1","Replacement Pending from BLT","",""
"328","28 Jul 2026","gfyhg","TS-III Analog Upgradable","15-100-0320","BLT Analog SpO2 adult reusable sensor (9pin)","","","","1","Replacement Pending from BLT","",""
"329","28 Jul 2026","gfyhg","TS-III Analog Upgradable","15-100-0320","BLT Analog SpO2 adult reusable sensor (9pin)","","","","1","Replacement Pending from BLT","",""
"330","28 Jul 2026","gfyhg","TS-III Analog Upgradable","15-100-0320","BLT Analog SpO2 adult reusable sensor (9pin)","","","","1","Replacement Pending from BLT","",""
"331","28 Jul 2026","gfyhg","TS-III Analog Upgradable","15-100-0320","BLT Analog SpO2 adult reusable sensor (9pin)","","","","1","Replacement Pending from BLT","",""
"332","28 Jul 2026","gfyhg","TS-III Analog Upgradable","15-100-0320","BLT Analog SpO2 adult reusable sensor (9pin)","","","","1","Replacement Pending from BLT","",""
"333","28 Jul 2026","gfyhg","TS-III Analog Upgradable","15-100-0320","BLT Analog SpO2 adult reusable sensor (9pin)","","","","1","Replacement Pending from BLT","",""
"334","28 Jul 2026","gfyhg","TS-III Analog Upgradable","15-100-0320","BLT Analog SpO2 adult reusable sensor (9pin)","","","","1","Replacement Pending from BLT","",""
"335","28 Jul 2026","gfyhg","TS-III Analog Upgradable","15-100-0320","BLT Analog SpO2 adult reusable sensor (9pin)","","","","1","Replacement Pending from BLT","",""
"336","28 Jul 2026","gfyhg","TS-III Analog Upgradable","15-100-0320","BLT Analog SpO2 adult reusable sensor (9pin)","","","","1","Replacement Pending from BLT","",""
"337","28 Jul 2026","gfyhg","TS-III Analog Upgradable","15-100-0320","BLT Analog SpO2 adult reusable sensor (9pin)","","","","1","Replacement Pending from BLT","",""
"338","28 Jul 2026","gfyhg","TS-III Analog Upgradable","15-100-0320","BLT Analog SpO2 adult reusable sensor (9pin)","","","","1","Replacement Pending from BLT","",""
"339","28 Jul 2026","gfyhg","TS-III Analog Upgradable","15-100-0320","BLT Analog SpO2 adult reusable sensor (9pin)","","","","1","Replacement Pending from BLT","",""
"340","28 Jul 2026","gfyhg","TS-III Analog Upgradable","15-100-0320","BLT Analog SpO2 adult reusable sensor (9pin)","","","","1","Replacement Pending from BLT","",""
"341","28 Jul 2026","gfyhg","TS-III Analog Upgradable","15-100-0320","BLT Analog SpO2 adult reusable sensor (9pin)","","","","1","Replacement Pending from BLT","",""
"342","28 Jul 2026","gfyhg","TS-III Analog Upgradable","15-100-0320","BLT Analog SpO2 adult reusable sensor (9pin)","","","","1","Replacement Pending from BLT","",""
"343","28 Jul 2026","gfyhg","TS-III Analog Upgradable","15-100-0320","BLT Analog SpO2 adult reusable sensor (9pin)","","","","1","Replacement Pending from BLT","",""
"344","28 Jul 2026","gfyhg","TS-III Analog Upgradable","15-100-0320","BLT Analog SpO2 adult reusable sensor (9pin)","","","","1","Replacement Pending from BLT","",""
"345","28 Jul 2026","gfyhg","TS-III Analog Upgradable","15-100-0320","BLT Analog SpO2 adult reusable sensor (9pin)","","","","1","Replacement Pending from BLT","",""
"346","28 Jul 2026","gfyhg","TS-III Analog Upgradable","15-100-0320","BLT Analog SpO2 adult reusable sensor (9pin)","","","","1","Replacement Pending from BLT","",""
"347","28 Jul 2026","gfyhg","TS-III Analog Upgradable","15-100-0320","BLT Analog SpO2 adult reusable sensor (9pin)","","","","1","Replacement Pending from BLT","",""
"348","28 Jul 2026","gfyhg","TS-III Analog Upgradable","15-100-0320","BLT Analog SpO2 adult reusable sensor (9pin)","","","","1","Replacement Pending from BLT","",""
"349","28 Jul 2026","gfyhg","TS-III Analog Upgradable","15-100-0320","BLT Analog SpO2 adult reusable sensor (9pin)","","","","1","Replacement Pending from BLT","",""
"350","28 Jul 2026","gfyhg","TS-III Analog Upgradable","15-100-0320","BLT Analog SpO2 adult reusable sensor (9pin)","","","","1","Replacement Pending from BLT","",""
"351","28 Jul 2026","gfyhg","TS-III Analog Upgradable","15-100-0320","BLT Analog SpO2 adult reusable sensor (9pin)","","","","1","Replacement Pending from BLT","",""
"352","28 Jul 2026","gfyhg","TS-III Analog Upgradable","15-100-0320","BLT Analog SpO2 adult reusable sensor (9pin)","","","","1","Replacement Pending from BLT","",""
"353","28 Jul 2026","gfyhg","TS-III Analog Upgradable","15-100-0320","BLT Analog SpO2 adult reusable sensor (9pin)","","","","1","Replacement Pending from BLT","",""
"354","28 Jul 2026","gfyhg","TS-III Analog Upgradable","15-100-0320","BLT Analog SpO2 adult reusable sensor (9pin)","","","","1","Replacement Pending from BLT","",""
"355","28 Jul 2026","gfyhg","TS-III Analog Upgradable","15-100-0320","BLT Analog SpO2 adult reusable sensor (9pin)","","","","1","Replacement Pending from BLT","",""
"356","28 Jul 2026","gfyhg","TS-III Analog Upgradable","15-100-0320","BLT Analog SpO2 adult reusable sensor (9pin)","","","","1","Replacement Pending from BLT","",""
"357","28 Jul 2026","gfyhg","TS-III Analog Upgradable","15-100-0320","BLT Analog SpO2 adult reusable sensor (9pin)","","","","1","Replacement Pending from BLT","",""
"358","28 Jul 2026","gfyhg","TS-III Analog Upgradable","15-100-0320","BLT Analog SpO2 adult reusable sensor (9pin)","","","","1","Replacement Pending from BLT","",""
"359","28 Jul 2026","gfyhg","TS-III Analog Upgradable","15-100-0320","BLT Analog SpO2 adult reusable sensor (9pin)","","","","1","Replacement Pending from BLT","",""
"360","28 Jul 2026","gfyhg","TS-III Analog Upgradable","15-100-0320","BLT Analog SpO2 adult reusable sensor (9pin)","","","","1","Replacement Pending from BLT","",""
"361","28 Jul 2026","gfyhg","TS-III Analog Upgradable","15-100-0320","BLT Analog SpO2 adult reusable sensor (9pin)","","","","1","Replacement Pending from BLT","",""
"362","28 Jul 2026","gfyhg","TS-III Analog Upgradable","15-100-0320","BLT Analog SpO2 adult reusable sensor (9pin)","","","","1","Replacement Pending from BLT","",""
"363","28 Jul 2026","gfyhg","TS-III Analog Upgradable","15-100-0320","BLT Analog SpO2 adult reusable sensor (9pin)","","","","1","Replacement Pending from BLT","",""
"364","28 Jul 2026","gfyhg","TS-III Analog Upgradable","15-100-0320","BLT Analog SpO2 adult reusable sensor (9pin)","","","","1","Replacement Pending from BLT","",""
"365","28 Jul 2026","gfyhg","TS-III Analog Upgradable","15-100-0320","BLT Analog SpO2 adult reusable sensor (9pin)","","","","1","Replacement Pending from BLT","",""
"366","28 Jul 2026","gfyhg","TS-III Analog Upgradable","15-100-0320","BLT Analog SpO2 adult reusable sensor (9pin)","","","","1","Replacement Pending from BLT","",""
"367","28 Jul 2026","gfyhg","TS-III Analog Upgradable","15-100-0320","BLT Analog SpO2 adult reusable sensor (9pin)","","","","1","Replacement Pending from BLT","",""
"368","28 Jul 2026","gfyhg","TS-III Analog Upgradable","15-100-0320","BLT Analog SpO2 adult reusable sensor (9pin)","","","","1","Replacement Pending from BLT","",""
"369","28 Jul 2026","gfyhg","TS-III Analog Upgradable","15-100-0320","BLT Analog SpO2 adult reusable sensor (9pin)","","","","1","Replacement Pending from BLT","",""
"370","28 Jul 2026","gfyhg","TS-III Analog Upgradable","15-100-0320","BLT Analog SpO2 adult reusable sensor (9pin)","","","","1","Replacement Pending from BLT","",""
"371","28 Jul 2026","gfyhg","TS-III Analog Upgradable","15-100-0320","BLT Analog SpO2 adult reusable sensor (9pin)","","","","1","Replacement Pending from BLT","",""
"372","28 Jul 2026","gfyhg","TS-III Analog Upgradable","15-100-0320","BLT Analog SpO2 adult reusable sensor (9pin)","","","","1","Replacement Pending from BLT","",""
"373","28 Jul 2026","gfyhg","TS-III Analog Upgradable","15-100-0320","BLT Analog SpO2 adult reusable sensor (9pin)","","","","1","Replacement Pending from BLT","",""
"374","28 Jul 2026","gfyhg","TS-III Analog Upgradable","15-100-0320","BLT Analog SpO2 adult reusable sensor (9pin)","","","","1","Replacement Pending from BLT","",""
"375","28 Jul 2026","gfyhg","TS-III Analog Upgradable","15-100-0320","BLT Analog SpO2 adult reusable sensor (9pin)","","","","1","Replacement Pending from BLT","",""
"376","28 Jul 2026","gfyhg","TS-III Analog Upgradable","15-100-0320","BLT Analog SpO2 adult reusable sensor (9pin)","","","","1","Replacement Pending from BLT","",""
"377","28 Jul 2026","gfyhg","TS-III Analog Upgradable","15-100-0320","BLT Analog SpO2 adult reusable sensor (9pin)","","","","1","Replacement Pending from BLT","",""
"378","28 Jul 2026","gfyhg","TS-III Analog Upgradable","15-100-0320","BLT Analog SpO2 adult reusable sensor (9pin)","","","","1","Replacement Pending from BLT","",""
"379","28 Jul 2026","gfyhg","TS-III Analog Upgradable","15-100-0320","BLT Analog SpO2 adult reusable sensor (9pin)","","","","1","Replacement Pending from BLT","",""
"380","28 Jul 2026","gfyhg","TS-III Analog Upgradable","15-100-0320","BLT Analog SpO2 adult reusable sensor (9pin)","","","","1","Replacement Pending from BLT","",""
"381","28 Jul 2026","gfyhg","TS-III Analog Upgradable","15-100-0320","BLT Analog SpO2 adult reusable sensor (9pin)","","","","1","Replacement Pending from BLT","",""
"382","28 Jul 2026","gfyhg","TS-III Analog Upgradable","15-100-0320","BLT Analog SpO2 adult reusable sensor (9pin)","","","","1","Replacement Pending from BLT","",""
"383","28 Jul 2026","gfyhg","TS-III Analog Upgradable","15-100-0320","BLT Analog SpO2 adult reusable sensor (9pin)","","","","1","Replacement Pending from BLT","",""
"384","28 Jul 2026","gfyhg","TS-III Analog Upgradable","15-100-0320","BLT Analog SpO2 adult reusable sensor (9pin)","","","","1","Replacement Pending from BLT","",""
"385","28 Jul 2026","gfyhg","TS-III Analog Upgradable","15-100-0320","BLT Analog SpO2 adult reusable sensor (9pin)","","","","1","Replacement Pending from BLT","",""
"386","28 Jul 2026","gfyhg","TS-III Analog Upgradable","15-100-0320","BLT Analog SpO2 adult reusable sensor (9pin)","","","","1","Replacement Pending from BLT","",""
"387","28 Jul 2026","gfyhg","TS-III Analog Upgradable","15-100-0320","BLT Analog SpO2 adult reusable sensor (9pin)","","","","1","Replacement Pending from BLT","",""
"388","28 Jul 2026","gfyhg","TS-III Analog Upgradable","15-100-0320","BLT Analog SpO2 adult reusable sensor (9pin)","","","","1","Replacement Pending from BLT","",""
"389","28 Jul 2026","gfyhg","TS-III Analog Upgradable","15-100-0320","BLT Analog SpO2 adult reusable sensor (9pin)","","","","1","Replacement Pending from BLT","",""
"390","28 Jul 2026","gfyhg","TS-III Analog Upgradable","15-100-0320","BLT Analog SpO2 adult reusable sensor (9pin)","","","","1","Replacement Pending from BLT","",""
"391","28 Jul 2026","gfyhg","TS-III Analog Upgradable","15-100-0320","BLT Analog SpO2 adult reusable sensor (9pin)","","","","1","Replacement Pending from BLT","",""
"392","28 Jul 2026","gfyhg","TS-III Analog Upgradable","15-100-0320","BLT Analog SpO2 adult reusable sensor (9pin)","","","","1","Replacement Pending from BLT","",""
"393","28 Jul 2026","gfyhg","TS-III Analog Upgradable","15-100-0320","BLT Analog SpO2 adult reusable sensor (9pin)","","","","1","Replacement Pending from BLT","",""
"394","28 Jul 2026","gfyhg","TS-III Analog Upgradable","15-100-0320","BLT Analog SpO2 adult reusable sensor (9pin)","","","","1","Replacement Pending from BLT","",""
"395","28 Jul 2026","gfyhg","TS-III Analog Upgradable","15-100-0320","BLT Analog SpO2 adult reusable sensor (9pin)","","","","1","Replacement Pending from BLT","",""
"396","28 Jul 2026","gfyhg","TS-III Analog Upgradable","15-100-0320","BLT Analog SpO2 adult reusable sensor (9pin)","","","","1","Replacement Pending from BLT","",""
"397","28 Jul 2026","gfyhg","TS-III Analog Upgradable","15-100-0320","BLT Analog SpO2 adult reusable sensor (9pin)","","","","1","Replacement Pending from BLT","",""
"398","28 Jul 2026","gfyhg","TS-III Analog Upgradable","15-100-0320","BLT Analog SpO2 adult reusable sensor (9pin)","","","","1","Replacement Pending from BLT","",""
"399","28 Jul 2026","gfyhg","TS-III Analog Upgradable","15-100-0320","BLT Analog SpO2 adult reusable sensor (9pin)","","","","1","Replacement Pending from BLT","",""
"400","28 Jul 2026","gfyhg","TS-III Analog Upgradable","15-100-0320","BLT Analog SpO2 adult reusable sensor (9pin)","","","","1","Replacement Pending from BLT","",""
"401","28 Jul 2026","gfyhg","TS-III Analog Upgradable","15-100-0349","Analog spo2 extension cable","","","","1","Replacement Pending from BLT","",""
"402","28 Jul 2026","gfyhg","TS-III Analog Upgradable","15-100-0349","Analog spo2 extension cable","","","","1","Replacement Pending from BLT","",""
"403","28 Jul 2026","gfyhg","TS-III Analog Upgradable","15-100-0349","Analog spo2 extension cable","","","","1","Replacement Pending from BLT","",""
"404","28 Jul 2026","gfyhg","TS-III Analog Upgradable","15-100-0349","Analog spo2 extension cable","","","","1","Replacement Pending from BLT","",""
"405","28 Jul 2026","gfyhg","TS-III Analog Upgradable","15-100-0349","Analog spo2 extension cable","","","","1","Replacement Pending from BLT","",""
"406","28 Jul 2026","gfyhg","TS-III Analog Upgradable","15-100-0349","Analog spo2 extension cable","","","","1","Replacement Pending from BLT","",""
"407","28 Jul 2026","gfyhg","TS-III Analog Upgradable","15-100-0349","Analog spo2 extension cable","","","","1","Replacement Pending from BLT","",""
"408","28 Jul 2026","gfyhg","TS-III Analog Upgradable","15-100-0349","Analog spo2 extension cable","","","","1","Replacement Pending from BLT","",""
"409","28 Jul 2026","gfyhg","TS-III Analog Upgradable","15-100-0349","Analog spo2 extension cable","","","","1","Replacement Pending from BLT","",""
"410","28 Jul 2026","gfyhg","TS-III Analog Upgradable","15-100-0349","Analog spo2 extension cable","","","","1","Replacement Pending from BLT","",""
"411","28 Jul 2026","gfyhg","TS-III Analog Upgradable","15-100-0349","Analog spo2 extension cable","","","","1","Replacement Pending from BLT","",""
"412","28 Jul 2026","gfyhg","TS-III Analog Upgradable","15-100-0349","Analog spo2 extension cable","","","","1","Replacement Pending from BLT","",""
"413","28 Jul 2026","gfyhg","TS-III Analog Upgradable","15-100-0349","Analog spo2 extension cable","","","","1","Replacement Pending from BLT","",""
"414","28 Jul 2026","gfyhg","TS-III Analog Upgradable","15-100-0349","Analog spo2 extension cable","","","","1","Replacement Pending from BLT","",""
"415","28 Jul 2026","gfyhg","TS-III Analog Upgradable","15-100-0349","Analog spo2 extension cable","","","","1","Replacement Pending from BLT","",""
"416","28 Jul 2026","gfyhg","TS-III Analog Upgradable","15-100-0349","Analog spo2 extension cable","","","","1","Replacement Pending from BLT","",""
"417","28 Jul 2026","gfyhg","TS-III Analog Upgradable","15-100-0349","Analog spo2 extension cable","","","","1","Replacement Pending from BLT","",""
"418","28 Jul 2026","gfyhg","TS-III Analog Upgradable","15-100-0349","Analog spo2 extension cable","","","","1","Replacement Pending from BLT","",""
"419","28 Jul 2026","gfyhg","TS-III Analog Upgradable","15-100-0349","Analog spo2 extension cable","","","","1","Replacement Pending from BLT","",""
"420","28 Jul 2026","gfyhg","TS-III Analog Upgradable","15-100-0349","Analog spo2 extension cable","","","","1","Replacement Pending from BLT","",""
"421","28 Jul 2026","gfyhg","TS-III Analog Upgradable","15-100-0349","Analog spo2 extension cable","","","","1","Replacement Pending from BLT","",""
"422","28 Jul 2026","gfyhg","TS-III Analog Upgradable","15-100-0349","Analog spo2 extension cable","","","","1","Replacement Pending from BLT","",""
"423","28 Jul 2026","gfyhg","TS-III Analog Upgradable","15-100-0349","Analog spo2 extension cable","","","","1","Replacement Pending from BLT","",""
"424","28 Jul 2026","gfyhg","TS-III Analog Upgradable","15-100-0349","Analog spo2 extension cable","","","","1","Replacement Pending from BLT","",""
"425","28 Jul 2026","gfyhg","TS-III Analog Upgradable","15-100-0349","Analog spo2 extension cable","","","","1","Replacement Pending from BLT","",""
"426","28 Jul 2026","gfyhg","TS-III Analog Upgradable","15-100-0349","Analog spo2 extension cable","","","","1","Replacement Pending from BLT","",""
"427","28 Jul 2026","gfyhg","TS-III Analog Upgradable","15-100-0349","Analog spo2 extension cable","","","","1","Replacement Pending from BLT","",""
"428","28 Jul 2026","gfyhg","TS-III Analog Upgradable","15-100-0349","Analog spo2 extension cable","","","","1","Replacement Pending from BLT","",""
"429","28 Jul 2026","gfyhg","TS-III Analog Upgradable","15-100-0349","Analog spo2 extension cable","","","","1","Replacement Pending from BLT","",""
"430","28 Jul 2026","gfyhg","TS-III Analog Upgradable","15-100-0349","Analog spo2 extension cable","","","","1","Replacement Pending from BLT","",""
"431","28 Jul 2026","gfyhg","TS-III Analog Upgradable","15-100-0349","Analog spo2 extension cable","","","","1","Replacement Pending from BLT","",""
"432","28 Jul 2026","gfyhg","TS-III Analog Upgradable","15-100-0349","Analog spo2 extension cable","","","","1","Replacement Pending from BLT","",""
"433","28 Jul 2026","gfyhg","TS-III Analog Upgradable","15-100-0349","Analog spo2 extension cable","","","","1","Replacement Pending from BLT","",""
"434","28 Jul 2026","gfyhg","TS-III Analog Upgradable","15-100-0349","Analog spo2 extension cable","","","","1","Replacement Pending from BLT","",""
"435","28 Jul 2026","gfyhg","TS-III Analog Upgradable","15-100-0349","Analog spo2 extension cable","","","","1","Replacement Pending from BLT","",""
"436","28 Jul 2026","gfyhg","TS-III Analog Upgradable","15-100-0349","Analog spo2 extension cable","","","","1","Replacement Pending from BLT","",""
"437","28 Jul 2026","gfyhg","TS-III Analog Upgradable","15-100-0349","Analog spo2 extension cable","","","","1","Replacement Pending from BLT","",""
"438","28 Jul 2026","gfyhg","TS-III Analog Upgradable","15-100-0349","Analog spo2 extension cable","","","","1","Replacement Pending from BLT","",""
"439","28 Jul 2026","gfyhg","TS-III Analog Upgradable","15-100-0349","Analog spo2 extension cable","","","","1","Replacement Pending from BLT","",""
"440","28 Jul 2026","gfyhg","TS-III Analog Upgradable","15-100-0349","Analog spo2 extension cable","","","","1","Replacement Pending from BLT","",""
"441","28 Jul 2026","gfyhg","TS-III Analog Upgradable","15-100-0349","Analog spo2 extension cable","","","","1","Replacement Pending from BLT","",""
"442","28 Jul 2026","gfyhg","TS-III Analog Upgradable","15-100-0349","Analog spo2 extension cable","","","","1","Replacement Pending from BLT","",""
"443","28 Jul 2026","gfyhg","TS-III Analog Upgradable","15-100-0349","Analog spo2 extension cable","","","","1","Replacement Pending from BLT","",""
"444","28 Jul 2026","gfyhg","TS-III Analog Upgradable","15-100-0349","Analog spo2 extension cable","","","","1","Replacement Pending from BLT","",""
"445","28 Jul 2026","gfyhg","TS-III Analog Upgradable","15-100-0349","Analog spo2 extension cable","","","","1","Replacement Pending from BLT","",""
"446","28 Jul 2026","gfyhg","TS-III Analog Upgradable","15-100-0349","Analog spo2 extension cable","","","","1","Replacement Pending from BLT","",""
"447","28 Jul 2026","gfyhg","TS-III Analog Upgradable","15-100-0349","Analog spo2 extension cable","","","","1","Replacement Pending from BLT","",""
"448","28 Jul 2026","gfyhg","TS-III Analog Upgradable","15-100-0349","Analog spo2 extension cable","","","","1","Replacement Pending from BLT","",""
"449","28 Jul 2026","gfyhg","TS-III Analog Upgradable","15-100-0349","Analog spo2 extension cable","","","","1","Replacement Pending from BLT","",""
"450","28 Jul 2026","gfyhg","TS-III Analog Upgradable","15-100-0349","Analog spo2 extension cable","","","","1","Replacement Pending from BLT","",""
"451","28 Jul 2026","gfyhg","TS-III Analog Upgradable","15-100-0349","Analog spo2 extension cable","","","","1","Replacement Pending from BLT","",""
"452","28 Jul 2026","gfyhg","TS-III Analog Upgradable","15-100-0349","Analog spo2 extension cable","","","","1","Replacement Pending from BLT","",""
"453","28 Jul 2026","gfyhg","TS-III Analog Upgradable","15-100-0349","Analog spo2 extension cable","","","","1","Replacement Pending from BLT","",""
"454","28 Jul 2026","gfyhg","TS-III Analog Upgradable","15-100-0349","Analog spo2 extension cable","","","","1","Replacement Pending from BLT","",""
"455","28 Jul 2026","gfyhg","TS-III Analog Upgradable","15-100-0349","Analog spo2 extension cable","","","","1","Replacement Pending from BLT","",""
"456","28 Jul 2026","gfyhg","TS-III Analog Upgradable","15-100-0349","Analog spo2 extension cable","","","","1","Replacement Pending from BLT","",""
"457","28 Jul 2026","gfyhg","TS-III Analog Upgradable","15-100-0349","Analog spo2 extension cable","","","","1","Replacement Pending from BLT","",""
"458","28 Jul 2026","gfyhg","TS-III Analog Upgradable","15-100-0349","Analog spo2 extension cable","","","","1","Replacement Pending from BLT","",""
"459","28 Jul 2026","gfyhg","TS-III Analog Upgradable","15-100-0349","Analog spo2 extension cable","","","","1","Replacement Pending from BLT","",""
"460","28 Jul 2026","gfyhg","TS-III Analog Upgradable","15-100-0349","Analog spo2 extension cable","","","","1","Replacement Pending from BLT","",""
"461","28 Jul 2026","gfyhg","TS-III Analog Upgradable","15-100-0349","Analog spo2 extension cable","","","","1","Replacement Pending from BLT","",""
"462","28 Jul 2026","gfyhg","TS-III Analog Upgradable","15-100-0349","Analog spo2 extension cable","","","","1","Replacement Pending from BLT","",""
"463","28 Jul 2026","gfyhg","TS-III Analog Upgradable","15-100-0349","Analog spo2 extension cable","","","","1","Replacement Pending from BLT","",""
"464","28 Jul 2026","gfyhg","TS-III Analog Upgradable","15-100-0349","Analog spo2 extension cable","","","","1","Replacement Pending from BLT","",""
"465","28 Jul 2026","gfyhg","TS-III Analog Upgradable","15-100-0349","Analog spo2 extension cable","","","","1","Replacement Pending from BLT","",""
"466","28 Jul 2026","gfyhg","TS-III Analog Upgradable","15-100-0349","Analog spo2 extension cable","","","","1","Replacement Pending from BLT","",""
"467","28 Jul 2026","gfyhg","TS-III Analog Upgradable","15-100-0349","Analog spo2 extension cable","","","","1","Replacement Pending from BLT","",""
"468","28 Jul 2026","gfyhg","TS-III Analog Upgradable","15-100-0349","Analog spo2 extension cable","","","","1","Replacement Pending from BLT","",""
"469","28 Jul 2026","gfyhg","TS-III Analog Upgradable","15-100-0349","Analog spo2 extension cable","","","","1","Replacement Pending from BLT","",""
"470","28 Jul 2026","gfyhg","TS-III Analog Upgradable","15-100-0349","Analog spo2 extension cable","","","","1","Replacement Pending from BLT","",""
"471","28 Jul 2026","gfyhg","TS-III Analog Upgradable","15-100-0349","Analog spo2 extension cable","","","","1","Replacement Pending from BLT","",""
"472","28 Jul 2026","gfyhg","TS-III Analog Upgradable","15-100-0349","Analog spo2 extension cable","","","","1","Replacement Pending from BLT","",""
"473","28 Jul 2026","gfyhg","TS-III Analog Upgradable","15-100-0349","Analog spo2 extension cable","","","","1","Replacement Pending from BLT","",""
"474","28 Jul 2026","gfyhg","TS-III Analog Upgradable","15-100-0349","Analog spo2 extension cable","","","","1","Replacement Pending from BLT","",""
"475","28 Jul 2026","gfyhg","TS-III Analog Upgradable","15-100-0349","Analog spo2 extension cable","","","","1","Replacement Pending from BLT","",""
"476","28 Jul 2026","gfyhg","TS-III Analog Upgradable","15-100-0349","Analog spo2 extension cable","","","","1","Replacement Pending from BLT","",""
"477","28 Jul 2026","gfyhg","TS-III Analog Upgradable","15-100-0349","Analog spo2 extension cable","","","","1","Replacement Pending from BLT","",""
"478","28 Jul 2026","gfyhg","TS-III Analog Upgradable","15-100-0349","Analog spo2 extension cable","","","","1","Replacement Pending from BLT","",""
"479","28 Jul 2026","gfyhg","TS-III Analog Upgradable","15-100-0349","Analog spo2 extension cable","","","","1","Replacement Pending from BLT","",""
"480","28 Jul 2026","gfyhg","TS-III Analog Upgradable","15-100-0349","Analog spo2 extension cable","","","","1","Replacement Pending from BLT","",""
"481","28 Jul 2026","gfyhg","TS-III Analog Upgradable","15-100-0349","Analog spo2 extension cable","","","","1","Replacement Pending from BLT","",""
"482","28 Jul 2026","gfyhg","TS-III Analog Upgradable","15-100-0349","Analog spo2 extension cable","","","","1","Replacement Pending from BLT","",""
"483","28 Jul 2026","gfyhg","TS-III Analog Upgradable","15-100-0349","Analog spo2 extension cable","","","","1","Replacement Pending from BLT","",""
"484","28 Jul 2026","gfyhg","TS-III Analog Upgradable","15-100-0349","Analog spo2 extension cable","","","","1","Replacement Pending from BLT","",""
"485","28 Jul 2026","gfyhg","TS-III Analog Upgradable","15-100-0349","Analog spo2 extension cable","","","","1","Replacement Pending from BLT","",""
"486","28 Jul 2026","gfyhg","TS-III Analog Upgradable","15-100-0349","Analog spo2 extension cable","","","","1","Replacement Pending from BLT","",""
"487","28 Jul 2026","gfyhg","TS-III Analog Upgradable","15-100-0349","Analog spo2 extension cable","","","","1","Replacement Pending from BLT","",""
"488","28 Jul 2026","gfyhg","TS-III Analog Upgradable","15-100-0349","Analog spo2 extension cable","","","","1","Replacement Pending from BLT","",""
"489","28 Jul 2026","gfyhg","TS-III Analog Upgradable","15-100-0349","Analog spo2 extension cable","","","","1","Replacement Pending from BLT","",""
"490","28 Jul 2026","gfyhg","TS-III Analog Upgradable","15-100-0349","Analog spo2 extension cable","","","","1","Replacement Pending from BLT","",""
"491","28 Jul 2026","gfyhg","TS-III Analog Upgradable","15-100-0349","Analog spo2 extension cable","","","","1","Replacement Pending from BLT","",""
"492","28 Jul 2026","gfyhg","TS-III Analog Upgradable","15-100-0349","Analog spo2 extension cable","","","","1","Replacement Pending from BLT","",""
"493","28 Jul 2026","gfyhg","TS-III Analog Upgradable","15-100-0349","Analog spo2 extension cable","","","","1","Replacement Pending from BLT","",""
"494","28 Jul 2026","gfyhg","TS-III Analog Upgradable","15-100-0349","Analog spo2 extension cable","","","","1","Replacement Pending from BLT","",""
"495","28 Jul 2026","gfyhg","TS-III Analog Upgradable","15-100-0349","Analog spo2 extension cable","","","","1","Replacement Pending from BLT","",""
"496","28 Jul 2026","gfyhg","TS-III Analog Upgradable","15-100-0349","Analog spo2 extension cable","","","","1","Replacement Pending from BLT","",""
"497","28 Jul 2026","gfyhg","TS-III Analog Upgradable","15-100-0349","Analog spo2 extension cable","","","","1","Replacement Pending from BLT","",""
"498","28 Jul 2026","gfyhg","TS-III Analog Upgradable","15-100-0349","Analog spo2 extension cable","","","","1","Replacement Pending from BLT","",""
"499","28 Jul 2026","gfyhg","TS-III Analog Upgradable","15-100-0349","Analog spo2 extension cable","","","","1","Replacement Pending from BLT","",""
"500","28 Jul 2026","gfyhg","TS-III Analog Upgradable","15-100-0349","Analog spo2 extension cable","","","","1","Replacement Pending from BLT","",""
"501","28 Jul 2026","gfyhg","TS-III Analog Upgradable","175.000100A","Acrylic sheet","","","","1","Replacement Pending from BLT","",""
"502","28 Jul 2026","gfyhg","TS-III Analog Upgradable","175.000100A","Acrylic sheet","","","","1","Replacement Pending from BLT","",""
"503","28 Jul 2026","gfyhg","TS-III Analog Upgradable","175.000100A","Acrylic sheet","","","","1","Replacement Pending from BLT","",""
"504","28 Jul 2026","gfyhg","TS-III Analog Upgradable","175.000100A","Acrylic sheet","","","","1","Replacement Pending from BLT","",""
"505","28 Jul 2026","gfyhg","TS-III Analog Upgradable","175.000100A","Acrylic sheet","","","","1","Replacement Pending from BLT","",""
"506","28 Jul 2026","gfyhg","TS-III Analog Upgradable","175.000100A","Acrylic sheet","","","","1","Replacement Pending from BLT","",""
"507","28 Jul 2026","gfyhg","TS-III Analog Upgradable","175.000100A","Acrylic sheet","","","","1","Replacement Pending from BLT","",""
"508","28 Jul 2026","gfyhg","TS-III Analog Upgradable","175.000100A","Acrylic sheet","","","","1","Replacement Pending from BLT","",""
"509","28 Jul 2026","gfyhg","TS-III Analog Upgradable","175.000100A","Acrylic sheet","","","","1","Replacement Pending from BLT","",""
"510","28 Jul 2026","gfyhg","TS-III Analog Upgradable","175.000100A","Acrylic sheet","","","","1","Replacement Pending from BLT","",""
"511","28 Jul 2026","gfyhg","TS-III Analog Upgradable","175.000100A","Acrylic sheet","","","","1","Replacement Pending from BLT","",""
"512","28 Jul 2026","gfyhg","TS-III Analog Upgradable","175.000100A","Acrylic sheet","","","","1","Replacement Pending from BLT","",""
"513","28 Jul 2026","gfyhg","TS-III Analog Upgradable","175.000100A","Acrylic sheet","","","","1","Replacement Pending from BLT","",""
"514","28 Jul 2026","gfyhg","TS-III Analog Upgradable","175.000100A","Acrylic sheet","","","","1","Replacement Pending from BLT","",""
"515","28 Jul 2026","gfyhg","TS-III Analog Upgradable","175.000100A","Acrylic sheet","","","","1","Replacement Pending from BLT","",""
"516","28 Jul 2026","gfyhg","TS-III Analog Upgradable","175.000100A","Acrylic sheet","","","","1","Replacement Pending from BLT","",""
"517","28 Jul 2026","gfyhg","TS-III Analog Upgradable","175.000100A","Acrylic sheet","","","","1","Replacement Pending from BLT","",""
"518","28 Jul 2026","gfyhg","TS-III Analog Upgradable","175.000100A","Acrylic sheet","","","","1","Replacement Pending from BLT","",""
"519","28 Jul 2026","gfyhg","TS-III Analog Upgradable","175.000100A","Acrylic sheet","","","","1","Replacement Pending from BLT","",""
"520","28 Jul 2026","gfyhg","TS-III Analog Upgradable","175.000100A","Acrylic sheet","","","","1","Replacement Pending from BLT","",""
"521","28 Jul 2026","gfyhg","TS-III Analog Upgradable","175.000100A","Acrylic sheet","","","","1","Replacement Pending from BLT","",""
"522","28 Jul 2026","gfyhg","TS-III Analog Upgradable","175.000100A","Acrylic sheet","","","","1","Replacement Pending from BLT","",""
"523","28 Jul 2026","gfyhg","TS-III Analog Upgradable","175.000100A","Acrylic sheet","","","","1","Replacement Pending from BLT","",""
"524","28 Jul 2026","gfyhg","TS-III Analog Upgradable","175.000100A","Acrylic sheet","","","","1","Replacement Pending from BLT","",""
"525","28 Jul 2026","gfyhg","TS-III Analog Upgradable","175.000100A","Acrylic sheet","","","","1","Replacement Pending from BLT","",""
"526","28 Jul 2026","gfyhg","TS-III Analog Upgradable","175.000100A","Acrylic sheet","","","","1","Replacement Pending from BLT","",""
"527","28 Jul 2026","gfyhg","TS-III Analog Upgradable","175.000100A","Acrylic sheet","","","","1","Replacement Pending from BLT","",""
"528","28 Jul 2026","gfyhg","TS-III Analog Upgradable","175.000100A","Acrylic sheet","","","","1","Replacement Pending from BLT","",""
"529","28 Jul 2026","gfyhg","TS-III Analog Upgradable","175.000100A","Acrylic sheet","","","","1","Replacement Pending from BLT","",""
"530","28 Jul 2026","gfyhg","TS-III Analog Upgradable","175.000100A","Acrylic sheet","","","","1","Replacement Pending from BLT","",""
"531","28 Jul 2026","gfyhg","TS-III Analog Upgradable","175.000100A","Acrylic sheet","","","","1","Replacement Pending from BLT","",""
"532","28 Jul 2026","gfyhg","TS-III Analog Upgradable","175.000100A","Acrylic sheet","","","","1","Replacement Pending from BLT","",""
"533","28 Jul 2026","gfyhg","TS-III Analog Upgradable","175.000100A","Acrylic sheet","","","","1","Replacement Pending from BLT","",""
"534","28 Jul 2026","gfyhg","TS-III Analog Upgradable","175.000100A","Acrylic sheet","","","","1","Replacement Pending from BLT","",""
"535","28 Jul 2026","gfyhg","TS-III Analog Upgradable","175.000100A","Acrylic sheet","","","","1","Replacement Pending from BLT","",""
"536","28 Jul 2026","gfyhg","TS-III Analog Upgradable","175.000100A","Acrylic sheet","","","","1","Replacement Pending from BLT","",""
"537","28 Jul 2026","gfyhg","TS-III Analog Upgradable","175.000100A","Acrylic sheet","","","","1","Replacement Pending from BLT","",""
"538","28 Jul 2026","gfyhg","TS-III Analog Upgradable","175.000100A","Acrylic sheet","","","","1","Replacement Pending from BLT","",""
"539","28 Jul 2026","gfyhg","TS-III Analog Upgradable","175.000100A","Acrylic sheet","","","","1","Replacement Pending from BLT","",""
"540","28 Jul 2026","gfyhg","TS-III Analog Upgradable","175.000100A","Acrylic sheet","","","","1","Replacement Pending from BLT","",""
"541","28 Jul 2026","gfyhg","TS-III Analog Upgradable","175.000100A","Acrylic sheet","","","","1","Replacement Pending from BLT","",""
"542","28 Jul 2026","gfyhg","TS-III Analog Upgradable","175.000100A","Acrylic sheet","","","","1","Replacement Pending from BLT","",""
"543","28 Jul 2026","gfyhg","TS-III Analog Upgradable","175.000100A","Acrylic sheet","","","","1","Replacement Pending from BLT","",""
"544","28 Jul 2026","gfyhg","TS-III Analog Upgradable","175.000100A","Acrylic sheet","","","","1","Replacement Pending from BLT","",""
"545","28 Jul 2026","gfyhg","TS-III Analog Upgradable","175.000100A","Acrylic sheet","","","","1","Replacement Pending from BLT","",""
"546","28 Jul 2026","gfyhg","TS-III Analog Upgradable","175.000100A","Acrylic sheet","","","","1","Replacement Pending from BLT","",""
"547","28 Jul 2026","gfyhg","TS-III Analog Upgradable","175.000100A","Acrylic sheet","","","","1","Replacement Pending from BLT","",""
"548","28 Jul 2026","gfyhg","TS-III Analog Upgradable","175.000100A","Acrylic sheet","","","","1","Replacement Pending from BLT","",""
"549","28 Jul 2026","gfyhg","TS-III Analog Upgradable","175.000100A","Acrylic sheet","","","","1","Replacement Pending from BLT","",""
"550","28 Jul 2026","gfyhg","TS-III Analog Upgradable","175.000100A","Acrylic sheet","","","","1","Replacement Pending from BLT","",""
"551","28 Jul 2026","gfyhg","TS-III Analog Upgradable","175.000100A","Acrylic sheet","","","","1","Replacement Pending from BLT","",""
"552","28 Jul 2026","gfyhg","TS-III Analog Upgradable","175.000100A","Acrylic sheet","","","","1","Replacement Pending from BLT","",""
"553","28 Jul 2026","gfyhg","TS-III Analog Upgradable","175.000100A","Acrylic sheet","","","","1","Replacement Pending from BLT","",""
"554","28 Jul 2026","gfyhg","TS-III Analog Upgradable","175.000100A","Acrylic sheet","","","","1","Replacement Pending from BLT","",""
"555","28 Jul 2026","gfyhg","TS-III Analog Upgradable","175.000100A","Acrylic sheet","","","","1","Replacement Pending from BLT","",""
"556","28 Jul 2026","gfyhg","TS-III Analog Upgradable","175.000100A","Acrylic sheet","","","","1","Replacement Pending from BLT","",""
"557","28 Jul 2026","gfyhg","TS-III Analog Upgradable","175.000100A","Acrylic sheet","","","","1","Replacement Pending from BLT","",""
"558","28 Jul 2026","gfyhg","TS-III Analog Upgradable","175.000100A","Acrylic sheet","","","","1","Replacement Pending from BLT","",""
"559","28 Jul 2026","gfyhg","TS-III Analog Upgradable","175.000100A","Acrylic sheet","","","","1","Replacement Pending from BLT","",""
"560","28 Jul 2026","gfyhg","TS-III Analog Upgradable","175.000100A","Acrylic sheet","","","","1","Replacement Pending from BLT","",""
"561","28 Jul 2026","gfyhg","TS-III Analog Upgradable","175.000100A","Acrylic sheet","","","","1","Replacement Pending from BLT","",""
"562","28 Jul 2026","gfyhg","TS-III Analog Upgradable","175.000100A","Acrylic sheet","","","","1","Replacement Pending from BLT","",""
"563","28 Jul 2026","gfyhg","TS-III Analog Upgradable","175.000100A","Acrylic sheet","","","","1","Replacement Pending from BLT","",""
"564","28 Jul 2026","gfyhg","TS-III Analog Upgradable","175.000100A","Acrylic sheet","","","","1","Replacement Pending from BLT","",""
"565","28 Jul 2026","gfyhg","TS-III Analog Upgradable","175.000100A","Acrylic sheet","","","","1","Replacement Pending from BLT","",""
"566","28 Jul 2026","gfyhg","TS-III Analog Upgradable","175.000100A","Acrylic sheet","","","","1","Replacement Pending from BLT","",""
"567","28 Jul 2026","gfyhg","TS-III Analog Upgradable","175.000100A","Acrylic sheet","","","","1","Replacement Pending from BLT","",""
"568","28 Jul 2026","gfyhg","TS-III Analog Upgradable","175.000100A","Acrylic sheet","","","","1","Replacement Pending from BLT","",""
"569","28 Jul 2026","gfyhg","TS-III Analog Upgradable","175.000100A","Acrylic sheet","","","","1","Replacement Pending from BLT","",""
"570","28 Jul 2026","gfyhg","TS-III Analog Upgradable","175.000100A","Acrylic sheet","","","","1","Replacement Pending from BLT","",""
"571","28 Jul 2026","gfyhg","TS-III Analog Upgradable","175.000100A","Acrylic sheet","","","","1","Replacement Pending from BLT","",""
"572","28 Jul 2026","gfyhg","TS-III Analog Upgradable","175.000100A","Acrylic sheet","","","","1","Replacement Pending from BLT","",""
"573","28 Jul 2026","gfyhg","TS-III Analog Upgradable","175.000100A","Acrylic sheet","","","","1","Replacement Pending from BLT","",""
"574","28 Jul 2026","gfyhg","TS-III Analog Upgradable","175.000100A","Acrylic sheet","","","","1","Replacement Pending from BLT","",""
"575","28 Jul 2026","gfyhg","TS-III Analog Upgradable","175.000100A","Acrylic sheet","","","","1","Replacement Pending from BLT","",""
"576","28 Jul 2026","gfyhg","TS-III Analog Upgradable","175.000100A","Acrylic sheet","","","","1","Replacement Pending from BLT","",""
"577","28 Jul 2026","gfyhg","TS-III Analog Upgradable","175.000100A","Acrylic sheet","","","","1","Replacement Pending from BLT","",""
"578","28 Jul 2026","gfyhg","TS-III Analog Upgradable","175.000100A","Acrylic sheet","","","","1","Replacement Pending from BLT","",""
"579","28 Jul 2026","gfyhg","TS-III Analog Upgradable","175.000100A","Acrylic sheet","","","","1","Replacement Pending from BLT","",""
"580","28 Jul 2026","gfyhg","TS-III Analog Upgradable","175.000100A","Acrylic sheet","","","","1","Replacement Pending from BLT","",""
"581","28 Jul 2026","gfyhg","TS-III Analog Upgradable","175.000100A","Acrylic sheet","","","","1","Replacement Pending from BLT","",""
"582","28 Jul 2026","gfyhg","TS-III Analog Upgradable","175.000100A","Acrylic sheet","","","","1","Replacement Pending from BLT","",""
"583","28 Jul 2026","gfyhg","TS-III Analog Upgradable","175.000100A","Acrylic sheet","","","","1","Replacement Pending from BLT","",""
"584","28 Jul 2026","gfyhg","TS-III Analog Upgradable","175.000100A","Acrylic sheet","","","","1","Replacement Pending from BLT","",""
"585","28 Jul 2026","gfyhg","TS-III Analog Upgradable","175.000100A","Acrylic sheet","","","","1","Replacement Pending from BLT","",""
"586","28 Jul 2026","gfyhg","TS-III Analog Upgradable","175.000100A","Acrylic sheet","","","","1","Replacement Pending from BLT","",""
"587","28 Jul 2026","gfyhg","TS-III Analog Upgradable","175.000100A","Acrylic sheet","","","","1","Replacement Pending from BLT","",""
"588","28 Jul 2026","gfyhg","TS-III Analog Upgradable","175.000100A","Acrylic sheet","","","","1","Replacement Pending from BLT","",""
"589","28 Jul 2026","gfyhg","TS-III Analog Upgradable","175.000100A","Acrylic sheet","","","","1","Replacement Pending from BLT","",""
"590","28 Jul 2026","gfyhg","TS-III Analog Upgradable","175.000100A","Acrylic sheet","","","","1","Replacement Pending from BLT","",""
"591","28 Jul 2026","gfyhg","TS-III Analog Upgradable","175.000100A","Acrylic sheet","","","","1","Replacement Pending from BLT","",""
"592","28 Jul 2026","gfyhg","TS-III Analog Upgradable","175.000100A","Acrylic sheet","","","","1","Replacement Pending from BLT","",""
"593","28 Jul 2026","gfyhg","TS-III Analog Upgradable","175.000100A","Acrylic sheet","","","","1","Replacement Pending from BLT","",""
"594","28 Jul 2026","gfyhg","TS-III Analog Upgradable","175.000100A","Acrylic sheet","","","","1","Replacement Pending from BLT","",""
"595","28 Jul 2026","gfyhg","TS-III Analog Upgradable","175.000100A","Acrylic sheet","","","","1","Replacement Pending from BLT","",""
"596","28 Jul 2026","gfyhg","TS-III Analog Upgradable","175.000100A","Acrylic sheet","","","","1","Replacement Pending from BLT","",""
"597","28 Jul 2026","gfyhg","TS-III Analog Upgradable","175.000100A","Acrylic sheet","","","","1","Replacement Pending from BLT","",""
"598","28 Jul 2026","gfyhg","TS-III Analog Upgradable","175.000100A","Acrylic sheet","","","","1","Replacement Pending from BLT","",""
"599","28 Jul 2026","gfyhg","TS-III Analog Upgradable","175.000100A","Acrylic sheet","","","","1","Replacement Pending from BLT","",""
"600","28 Jul 2026","gfyhg","TS-III Analog Upgradable","175.000100A","Acrylic sheet","","","","1","Replacement Pending from BLT","",""
"601","28 Jul 2026","gfyhg","TS-III Analog Upgradable","4151","Screw & Foot pad","","","","1","Replacement Pending from BLT","",""
"602","28 Jul 2026","gfyhg","TS-III Analog Upgradable","4151","Screw & Foot pad","","","","1","Replacement Pending from BLT","",""
"603","28 Jul 2026","gfyhg","TS-III Analog Upgradable","4151","Screw & Foot pad","","","","1","Replacement Pending from BLT","",""
"604","28 Jul 2026","gfyhg","TS-III Analog Upgradable","4151","Screw & Foot pad","","","","1","Replacement Pending from BLT","",""
"605","28 Jul 2026","gfyhg","TS-III Analog Upgradable","4151","Screw & Foot pad","","","","1","Replacement Pending from BLT","",""
"606","28 Jul 2026","gfyhg","TS-III Analog Upgradable","4151","Screw & Foot pad","","","","1","Replacement Pending from BLT","",""
"607","28 Jul 2026","gfyhg","TS-III Analog Upgradable","4151","Screw & Foot pad","","","","1","Replacement Pending from BLT","",""
"608","28 Jul 2026","gfyhg","TS-III Analog Upgradable","4151","Screw & Foot pad","","","","1","Replacement Pending from BLT","",""
"609","28 Jul 2026","gfyhg","TS-III Analog Upgradable","4151","Screw & Foot pad","","","","1","Replacement Pending from BLT","",""
"610","28 Jul 2026","gfyhg","TS-III Analog Upgradable","4151","Screw & Foot pad","","","","1","Replacement Pending from BLT","",""
"611","28 Jul 2026","gfyhg","TS-III Analog Upgradable","4151","Screw & Foot pad","","","","1","Replacement Pending from BLT","",""
"612","28 Jul 2026","gfyhg","TS-III Analog Upgradable","4151","Screw & Foot pad","","","","1","Replacement Pending from BLT","",""
"613","28 Jul 2026","gfyhg","TS-III Analog Upgradable","4151","Screw & Foot pad","","","","1","Replacement Pending from BLT","",""
"614","28 Jul 2026","gfyhg","TS-III Analog Upgradable","4151","Screw & Foot pad","","","","1","Replacement Pending from BLT","",""
"615","28 Jul 2026","gfyhg","TS-III Analog Upgradable","4151","Screw & Foot pad","","","","1","Replacement Pending from BLT","",""
"616","28 Jul 2026","gfyhg","TS-III Analog Upgradable","4151","Screw & Foot pad","","","","1","Replacement Pending from BLT","",""
"617","28 Jul 2026","gfyhg","TS-III Analog Upgradable","4151","Screw & Foot pad","","","","1","Replacement Pending from BLT","",""
"618","28 Jul 2026","gfyhg","TS-III Analog Upgradable","4151","Screw & Foot pad","","","","1","Replacement Pending from BLT","",""
"619","28 Jul 2026","gfyhg","TS-III Analog Upgradable","4151","Screw & Foot pad","","","","1","Replacement Pending from BLT","",""
"620","28 Jul 2026","gfyhg","TS-III Analog Upgradable","4151","Screw & Foot pad","","","","1","Replacement Pending from BLT","",""
"621","28 Jul 2026","gfyhg","TS-III Analog Upgradable","4151","Screw & Foot pad","","","","1","Replacement Pending from BLT","",""
"622","28 Jul 2026","gfyhg","TS-III Analog Upgradable","4151","Screw & Foot pad","","","","1","Replacement Pending from BLT","",""
"623","28 Jul 2026","gfyhg","TS-III Analog Upgradable","4151","Screw & Foot pad","","","","1","Replacement Pending from BLT","",""
"624","28 Jul 2026","gfyhg","TS-III Analog Upgradable","4151","Screw & Foot pad","","","","1","Replacement Pending from BLT","",""
"625","28 Jul 2026","gfyhg","TS-III Analog Upgradable","4151","Screw & Foot pad","","","","1","Replacement Pending from BLT","",""
"626","28 Jul 2026","gfyhg","TS-III Analog Upgradable","4151","Screw & Foot pad","","","","1","Replacement Pending from BLT","",""
"627","28 Jul 2026","gfyhg","TS-III Analog Upgradable","4151","Screw & Foot pad","","","","1","Replacement Pending from BLT","",""
"628","28 Jul 2026","gfyhg","TS-III Analog Upgradable","4151","Screw & Foot pad","","","","1","Replacement Pending from BLT","",""
"629","28 Jul 2026","gfyhg","TS-III Analog Upgradable","4151","Screw & Foot pad","","","","1","Replacement Pending from BLT","",""
"630","28 Jul 2026","gfyhg","TS-III Analog Upgradable","4151","Screw & Foot pad","","","","1","Replacement Pending from BLT","",""
"631","28 Jul 2026","gfyhg","TS-III Analog Upgradable","4151","Screw & Foot pad","","","","1","Replacement Pending from BLT","",""
"632","28 Jul 2026","gfyhg","TS-III Analog Upgradable","4151","Screw & Foot pad","","","","1","Replacement Pending from BLT","",""
"633","28 Jul 2026","gfyhg","TS-III Analog Upgradable","4151","Screw & Foot pad","","","","1","Replacement Pending from BLT","",""
"634","28 Jul 2026","gfyhg","TS-III Analog Upgradable","4151","Screw & Foot pad","","","","1","Replacement Pending from BLT","",""
"635","28 Jul 2026","gfyhg","TS-III Analog Upgradable","4151","Screw & Foot pad","","","","1","Replacement Pending from BLT","",""
"636","28 Jul 2026","gfyhg","TS-III Analog Upgradable","4151","Screw & Foot pad","","","","1","Replacement Pending from BLT","",""
"637","28 Jul 2026","gfyhg","TS-III Analog Upgradable","4151","Screw & Foot pad","","","","1","Replacement Pending from BLT","",""
"638","28 Jul 2026","gfyhg","TS-III Analog Upgradable","4151","Screw & Foot pad","","","","1","Replacement Pending from BLT","",""
"639","28 Jul 2026","gfyhg","TS-III Analog Upgradable","4151","Screw & Foot pad","","","","1","Replacement Pending from BLT","",""
"640","28 Jul 2026","gfyhg","TS-III Analog Upgradable","4151","Screw & Foot pad","","","","1","Replacement Pending from BLT","",""
"641","28 Jul 2026","gfyhg","TS-III Analog Upgradable","4151","Screw & Foot pad","","","","1","Replacement Pending from BLT","",""
"642","28 Jul 2026","gfyhg","TS-III Analog Upgradable","4151","Screw & Foot pad","","","","1","Replacement Pending from BLT","",""
"643","28 Jul 2026","gfyhg","TS-III Analog Upgradable","4151","Screw & Foot pad","","","","1","Replacement Pending from BLT","",""
"644","28 Jul 2026","gfyhg","TS-III Analog Upgradable","4151","Screw & Foot pad","","","","1","Replacement Pending from BLT","",""
"645","28 Jul 2026","gfyhg","TS-III Analog Upgradable","4151","Screw & Foot pad","","","","1","Replacement Pending from BLT","",""
"646","28 Jul 2026","gfyhg","TS-III Analog Upgradable","4151","Screw & Foot pad","","","","1","Replacement Pending from BLT","",""
"647","28 Jul 2026","gfyhg","TS-III Analog Upgradable","4151","Screw & Foot pad","","","","1","Replacement Pending from BLT","",""
"648","28 Jul 2026","gfyhg","TS-III Analog Upgradable","4151","Screw & Foot pad","","","","1","Replacement Pending from BLT","",""
"649","28 Jul 2026","gfyhg","TS-III Analog Upgradable","4151","Screw & Foot pad","","","","1","Replacement Pending from BLT","",""
"650","28 Jul 2026","gfyhg","TS-III Analog Upgradable","4151","Screw & Foot pad","","","","1","Replacement Pending from BLT","",""
"651","28 Jul 2026","gfyhg","TS-III Analog Upgradable","4151","Screw & Foot pad","","","","1","Replacement Pending from BLT","",""
"652","28 Jul 2026","gfyhg","TS-III Analog Upgradable","4151","Screw & Foot pad","","","","1","Replacement Pending from BLT","",""
"653","28 Jul 2026","gfyhg","TS-III Analog Upgradable","4151","Screw & Foot pad","","","","1","Replacement Pending from BLT","",""
"654","28 Jul 2026","gfyhg","TS-III Analog Upgradable","4151","Screw & Foot pad","","","","1","Replacement Pending from BLT","",""
"655","28 Jul 2026","gfyhg","TS-III Analog Upgradable","4151","Screw & Foot pad","","","","1","Replacement Pending from BLT","",""
"656","28 Jul 2026","gfyhg","TS-III Analog Upgradable","4151","Screw & Foot pad","","","","1","Replacement Pending from BLT","",""
"657","28 Jul 2026","gfyhg","TS-III Analog Upgradable","4151","Screw & Foot pad","","","","1","Replacement Pending from BLT","",""
"658","28 Jul 2026","gfyhg","TS-III Analog Upgradable","4151","Screw & Foot pad","","","","1","Replacement Pending from BLT","",""
"659","28 Jul 2026","gfyhg","TS-III Analog Upgradable","4151","Screw & Foot pad","","","","1","Replacement Pending from BLT","",""
"660","28 Jul 2026","gfyhg","TS-III Analog Upgradable","4151","Screw & Foot pad","","","","1","Replacement Pending from BLT","",""
"661","28 Jul 2026","gfyhg","TS-III Analog Upgradable","4151","Screw & Foot pad","","","","1","Replacement Pending from BLT","",""
"662","28 Jul 2026","gfyhg","TS-III Analog Upgradable","4151","Screw & Foot pad","","","","1","Replacement Pending from BLT","",""
"663","28 Jul 2026","gfyhg","TS-III Analog Upgradable","4151","Screw & Foot pad","","","","1","Replacement Pending from BLT","",""
"664","28 Jul 2026","gfyhg","TS-III Analog Upgradable","4151","Screw & Foot pad","","","","1","Replacement Pending from BLT","",""
"665","28 Jul 2026","gfyhg","TS-III Analog Upgradable","4151","Screw & Foot pad","","","","1","Replacement Pending from BLT","",""
"666","28 Jul 2026","gfyhg","TS-III Analog Upgradable","4151","Screw & Foot pad","","","","1","Replacement Pending from BLT","",""
"667","28 Jul 2026","gfyhg","TS-III Analog Upgradable","4151","Screw & Foot pad","","","","1","Replacement Pending from BLT","",""
"668","28 Jul 2026","gfyhg","TS-III Analog Upgradable","4151","Screw & Foot pad","","","","1","Replacement Pending from BLT","",""
"669","28 Jul 2026","gfyhg","TS-III Analog Upgradable","4151","Screw & Foot pad","","","","1","Replacement Pending from BLT","",""
"670","28 Jul 2026","gfyhg","TS-III Analog Upgradable","4151","Screw & Foot pad","","","","1","Replacement Pending from BLT","",""
"671","28 Jul 2026","gfyhg","TS-III Analog Upgradable","4151","Screw & Foot pad","","","","1","Replacement Pending from BLT","",""
"672","28 Jul 2026","gfyhg","TS-III Analog Upgradable","4151","Screw & Foot pad","","","","1","Replacement Pending from BLT","",""
"673","28 Jul 2026","gfyhg","TS-III Analog Upgradable","4151","Screw & Foot pad","","","","1","Replacement Pending from BLT","",""
"674","28 Jul 2026","gfyhg","TS-III Analog Upgradable","4151","Screw & Foot pad","","","","1","Replacement Pending from BLT","",""
"675","28 Jul 2026","gfyhg","TS-III Analog Upgradable","4151","Screw & Foot pad","","","","1","Replacement Pending from BLT","",""
"676","28 Jul 2026","gfyhg","TS-III Analog Upgradable","4151","Screw & Foot pad","","","","1","Replacement Pending from BLT","",""
"677","28 Jul 2026","gfyhg","TS-III Analog Upgradable","4151","Screw & Foot pad","","","","1","Replacement Pending from BLT","",""
"678","28 Jul 2026","gfyhg","TS-III Analog Upgradable","4151","Screw & Foot pad","","","","1","Replacement Pending from BLT","",""
"679","28 Jul 2026","gfyhg","TS-III Analog Upgradable","4151","Screw & Foot pad","","","","1","Replacement Pending from BLT","",""
"680","28 Jul 2026","gfyhg","TS-III Analog Upgradable","4151","Screw & Foot pad","","","","1","Replacement Pending from BLT","",""
"681","28 Jul 2026","gfyhg","TS-III Analog Upgradable","4151","Screw & Foot pad","","","","1","Replacement Pending from BLT","",""
"682","28 Jul 2026","gfyhg","TS-III Analog Upgradable","4151","Screw & Foot pad","","","","1","Replacement Pending from BLT","",""
"683","28 Jul 2026","gfyhg","TS-III Analog Upgradable","4151","Screw & Foot pad","","","","1","Replacement Pending from BLT","",""
"684","28 Jul 2026","gfyhg","TS-III Analog Upgradable","4151","Screw & Foot pad","","","","1","Replacement Pending from BLT","",""
"685","28 Jul 2026","gfyhg","TS-III Analog Upgradable","4151","Screw & Foot pad","","","","1","Replacement Pending from BLT","",""
"686","28 Jul 2026","gfyhg","TS-III Analog Upgradable","4151","Screw & Foot pad","","","","1","Replacement Pending from BLT","",""
"687","28 Jul 2026","gfyhg","TS-III Analog Upgradable","4151","Screw & Foot pad","","","","1","Replacement Pending from BLT","",""
"688","28 Jul 2026","gfyhg","TS-III Analog Upgradable","4151","Screw & Foot pad","","","","1","Replacement Pending from BLT","",""
"689","28 Jul 2026","gfyhg","TS-III Analog Upgradable","4151","Screw & Foot pad","","","","1","Replacement Pending from BLT","",""
"690","28 Jul 2026","gfyhg","TS-III Analog Upgradable","4151","Screw & Foot pad","","","","1","Replacement Pending from BLT","",""
"691","28 Jul 2026","gfyhg","TS-III Analog Upgradable","4151","Screw & Foot pad","","","","1","Replacement Pending from BLT","",""
"692","28 Jul 2026","gfyhg","TS-III Analog Upgradable","4151","Screw & Foot pad","","","","1","Replacement Pending from BLT","",""
"693","28 Jul 2026","gfyhg","TS-III Analog Upgradable","4151","Screw & Foot pad","","","","1","Replacement Pending from BLT","",""
"694","28 Jul 2026","gfyhg","TS-III Analog Upgradable","4151","Screw & Foot pad","","","","1","Replacement Pending from BLT","",""
"695","28 Jul 2026","gfyhg","TS-III Analog Upgradable","4151","Screw & Foot pad","","","","1","Replacement Pending from BLT","",""
"696","28 Jul 2026","gfyhg","TS-III Analog Upgradable","4151","Screw & Foot pad","","","","1","Replacement Pending from BLT","",""
"697","28 Jul 2026","gfyhg","TS-III Analog Upgradable","4151","Screw & Foot pad","","","","1","Replacement Pending from BLT","",""
"698","28 Jul 2026","gfyhg","TS-III Analog Upgradable","4151","Screw & Foot pad","","","","1","Replacement Pending from BLT","",""
"699","28 Jul 2026","gfyhg","TS-III Analog Upgradable","4151","Screw & Foot pad","","","","1","Replacement Pending from BLT","",""
"700","28 Jul 2026","gfyhg","TS-III Analog Upgradable","4151","Screw & Foot pad","","","","1","Replacement Pending from BLT","",""
"701","28 Jul 2026","gfyhg","TS-III Analog Upgradable","50.000302A","SMPS module","","","","1","Replacement Pending from BLT","",""
"702","28 Jul 2026","gfyhg","TS-III Analog Upgradable","50.000302A","SMPS module","","","","1","Replacement Pending from BLT","",""
"703","28 Jul 2026","gfyhg","TS-III Analog Upgradable","50.000302A","SMPS module","","","","1","Replacement Pending from BLT","",""
"704","28 Jul 2026","gfyhg","TS-III Analog Upgradable","50.000302A","SMPS module","","","","1","Replacement Pending from BLT","",""
"705","28 Jul 2026","gfyhg","TS-III Analog Upgradable","50.000302A","SMPS module","","","","1","Replacement Pending from BLT","",""
"706","28 Jul 2026","gfyhg","TS-III Analog Upgradable","50.000302A","SMPS module","","","","1","Replacement Pending from BLT","",""
"707","28 Jul 2026","gfyhg","TS-III Analog Upgradable","50.000302A","SMPS module","","","","1","Replacement Pending from BLT","",""
"708","28 Jul 2026","gfyhg","TS-III Analog Upgradable","50.000302A","SMPS module","","","","1","Replacement Pending from BLT","",""
"709","28 Jul 2026","gfyhg","TS-III Analog Upgradable","50.000302A","SMPS module","","","","1","Replacement Pending from BLT","",""
"710","28 Jul 2026","gfyhg","TS-III Analog Upgradable","50.000302A","SMPS module","","","","1","Replacement Pending from BLT","",""
"711","28 Jul 2026","gfyhg","TS-III Analog Upgradable","50.000302A","SMPS module","","","","1","Replacement Pending from BLT","",""
"712","28 Jul 2026","gfyhg","TS-III Analog Upgradable","50.000302A","SMPS module","","","","1","Replacement Pending from BLT","",""
"713","28 Jul 2026","gfyhg","TS-III Analog Upgradable","50.000302A","SMPS module","","","","1","Replacement Pending from BLT","",""
"714","28 Jul 2026","gfyhg","TS-III Analog Upgradable","50.000302A","SMPS module","","","","1","Replacement Pending from BLT","",""
"715","28 Jul 2026","gfyhg","TS-III Analog Upgradable","50.000302A","SMPS module","","","","1","Replacement Pending from BLT","",""
"716","28 Jul 2026","gfyhg","TS-III Analog Upgradable","50.000302A","SMPS module","","","","1","Replacement Pending from BLT","",""
"717","28 Jul 2026","gfyhg","TS-III Analog Upgradable","50.000302A","SMPS module","","","","1","Replacement Pending from BLT","",""
"718","28 Jul 2026","gfyhg","TS-III Analog Upgradable","50.000302A","SMPS module","","","","1","Replacement Pending from BLT","",""
"719","28 Jul 2026","gfyhg","TS-III Analog Upgradable","50.000302A","SMPS module","","","","1","Replacement Pending from BLT","",""
"720","28 Jul 2026","gfyhg","TS-III Analog Upgradable","50.000302A","SMPS module","","","","1","Replacement Pending from BLT","",""
"721","28 Jul 2026","gfyhg","TS-III Analog Upgradable","50.000302A","SMPS module","","","","1","Replacement Pending from BLT","",""
"722","28 Jul 2026","gfyhg","TS-III Analog Upgradable","50.000302A","SMPS module","","","","1","Replacement Pending from BLT","",""
"723","28 Jul 2026","gfyhg","TS-III Analog Upgradable","50.000302A","SMPS module","","","","1","Replacement Pending from BLT","",""
"724","28 Jul 2026","gfyhg","TS-III Analog Upgradable","50.000302A","SMPS module","","","","1","Replacement Pending from BLT","",""
"725","28 Jul 2026","gfyhg","TS-III Analog Upgradable","50.000302A","SMPS module","","","","1","Replacement Pending from BLT","",""
"726","28 Jul 2026","gfyhg","TS-III Analog Upgradable","50.000302A","SMPS module","","","","1","Replacement Pending from BLT","",""
"727","28 Jul 2026","gfyhg","TS-III Analog Upgradable","50.000302A","SMPS module","","","","1","Replacement Pending from BLT","",""
"728","28 Jul 2026","gfyhg","TS-III Analog Upgradable","50.000302A","SMPS module","","","","1","Replacement Pending from BLT","",""
"729","28 Jul 2026","gfyhg","TS-III Analog Upgradable","50.000302A","SMPS module","","","","1","Replacement Pending from BLT","",""
"730","28 Jul 2026","gfyhg","TS-III Analog Upgradable","50.000302A","SMPS module","","","","1","Replacement Pending from BLT","",""
"731","28 Jul 2026","gfyhg","TS-III Analog Upgradable","50.000302A","SMPS module","","","","1","Replacement Pending from BLT","",""
"732","28 Jul 2026","gfyhg","TS-III Analog Upgradable","50.000302A","SMPS module","","","","1","Replacement Pending from BLT","",""
"733","28 Jul 2026","gfyhg","TS-III Analog Upgradable","50.000302A","SMPS module","","","","1","Replacement Pending from BLT","",""
"734","28 Jul 2026","gfyhg","TS-III Analog Upgradable","50.000302A","SMPS module","","","","1","Replacement Pending from BLT","",""
"735","28 Jul 2026","gfyhg","TS-III Analog Upgradable","50.000302A","SMPS module","","","","1","Replacement Pending from BLT","",""
"736","28 Jul 2026","gfyhg","TS-III Analog Upgradable","50.000302A","SMPS module","","","","1","Replacement Pending from BLT","",""
"737","28 Jul 2026","gfyhg","TS-III Analog Upgradable","50.000302A","SMPS module","","","","1","Replacement Pending from BLT","",""
"738","28 Jul 2026","gfyhg","TS-III Analog Upgradable","50.000302A","SMPS module","","","","1","Replacement Pending from BLT","",""
"739","28 Jul 2026","gfyhg","TS-III Analog Upgradable","50.000302A","SMPS module","","","","1","Replacement Pending from BLT","",""
"740","28 Jul 2026","gfyhg","TS-III Analog Upgradable","50.000302A","SMPS module","","","","1","Replacement Pending from BLT","",""
"741","28 Jul 2026","gfyhg","TS-III Analog Upgradable","50.000302A","SMPS module","","","","1","Replacement Pending from BLT","",""
"742","28 Jul 2026","gfyhg","TS-III Analog Upgradable","50.000302A","SMPS module","","","","1","Replacement Pending from BLT","",""
"743","28 Jul 2026","gfyhg","TS-III Analog Upgradable","50.000302A","SMPS module","","","","1","Replacement Pending from BLT","",""
"744","28 Jul 2026","gfyhg","TS-III Analog Upgradable","50.000302A","SMPS module","","","","1","Replacement Pending from BLT","",""
"745","28 Jul 2026","gfyhg","TS-III Analog Upgradable","50.000302A","SMPS module","","","","1","Replacement Pending from BLT","",""
"746","28 Jul 2026","gfyhg","TS-III Analog Upgradable","50.000302A","SMPS module","","","","1","Replacement Pending from BLT","",""
"747","28 Jul 2026","gfyhg","TS-III Analog Upgradable","50.000302A","SMPS module","","","","1","Replacement Pending from BLT","",""
"748","28 Jul 2026","gfyhg","TS-III Analog Upgradable","50.000302A","SMPS module","","","","1","Replacement Pending from BLT","",""
"749","28 Jul 2026","gfyhg","TS-III Analog Upgradable","50.000302A","SMPS module","","","","1","Replacement Pending from BLT","",""
"750","28 Jul 2026","gfyhg","TS-III Analog Upgradable","50.000302A","SMPS module","","","","1","Replacement Pending from BLT","",""
"751","28 Jul 2026","gfyhg","TS-III Analog Upgradable","50.000302A","SMPS module","","","","1","Replacement Pending from BLT","",""
"752","28 Jul 2026","gfyhg","TS-III Analog Upgradable","50.000302A","SMPS module","","","","1","Replacement Pending from BLT","",""
"753","28 Jul 2026","gfyhg","TS-III Analog Upgradable","50.000302A","SMPS module","","","","1","Replacement Pending from BLT","",""
"754","28 Jul 2026","gfyhg","TS-III Analog Upgradable","50.000302A","SMPS module","","","","1","Replacement Pending from BLT","",""
"755","28 Jul 2026","gfyhg","TS-III Analog Upgradable","50.000302A","SMPS module","","","","1","Replacement Pending from BLT","",""
"756","28 Jul 2026","gfyhg","TS-III Analog Upgradable","50.000302A","SMPS module","","","","1","Replacement Pending from BLT","",""
"757","28 Jul 2026","gfyhg","TS-III Analog Upgradable","50.000302A","SMPS module","","","","1","Replacement Pending from BLT","",""
"758","28 Jul 2026","gfyhg","TS-III Analog Upgradable","50.000302A","SMPS module","","","","1","Replacement Pending from BLT","",""
"759","28 Jul 2026","gfyhg","TS-III Analog Upgradable","50.000302A","SMPS module","","","","1","Replacement Pending from BLT","",""
"760","28 Jul 2026","gfyhg","TS-III Analog Upgradable","50.000302A","SMPS module","","","","1","Replacement Pending from BLT","",""
"761","28 Jul 2026","gfyhg","TS-III Analog Upgradable","50.000302A","SMPS module","","","","1","Replacement Pending from BLT","",""
"762","28 Jul 2026","gfyhg","TS-III Analog Upgradable","50.000302A","SMPS module","","","","1","Replacement Pending from BLT","",""
"763","28 Jul 2026","gfyhg","TS-III Analog Upgradable","50.000302A","SMPS module","","","","1","Replacement Pending from BLT","",""
"764","28 Jul 2026","gfyhg","TS-III Analog Upgradable","50.000302A","SMPS module","","","","1","Replacement Pending from BLT","",""
"765","28 Jul 2026","gfyhg","TS-III Analog Upgradable","50.000302A","SMPS module","","","","1","Replacement Pending from BLT","",""
"766","28 Jul 2026","gfyhg","TS-III Analog Upgradable","50.000302A","SMPS module","","","","1","Replacement Pending from BLT","",""
"767","28 Jul 2026","gfyhg","TS-III Analog Upgradable","50.000302A","SMPS module","","","","1","Replacement Pending from BLT","",""
"768","28 Jul 2026","gfyhg","TS-III Analog Upgradable","50.000302A","SMPS module","","","","1","Replacement Pending from BLT","",""
"769","28 Jul 2026","gfyhg","TS-III Analog Upgradable","50.000302A","SMPS module","","","","1","Replacement Pending from BLT","",""
"770","28 Jul 2026","gfyhg","TS-III Analog Upgradable","50.000302A","SMPS module","","","","1","Replacement Pending from BLT","",""
"771","28 Jul 2026","gfyhg","TS-III Analog Upgradable","50.000302A","SMPS module","","","","1","Replacement Pending from BLT","",""
"772","28 Jul 2026","gfyhg","TS-III Analog Upgradable","50.000302A","SMPS module","","","","1","Replacement Pending from BLT","",""
"773","28 Jul 2026","gfyhg","TS-III Analog Upgradable","50.000302A","SMPS module","","","","1","Replacement Pending from BLT","",""
"774","28 Jul 2026","gfyhg","TS-III Analog Upgradable","50.000302A","SMPS module","","","","1","Replacement Pending from BLT","",""
"775","28 Jul 2026","gfyhg","TS-III Analog Upgradable","50.000302A","SMPS module","","","","1","Replacement Pending from BLT","",""
"776","28 Jul 2026","gfyhg","TS-III Analog Upgradable","50.000302A","SMPS module","","","","1","Replacement Pending from BLT","",""
"777","28 Jul 2026","gfyhg","TS-III Analog Upgradable","50.000302A","SMPS module","","","","1","Replacement Pending from BLT","",""
"778","28 Jul 2026","gfyhg","TS-III Analog Upgradable","50.000302A","SMPS module","","","","1","Replacement Pending from BLT","",""
"779","28 Jul 2026","gfyhg","TS-III Analog Upgradable","50.000302A","SMPS module","","","","1","Replacement Pending from BLT","",""
"780","28 Jul 2026","gfyhg","TS-III Analog Upgradable","50.000302A","SMPS module","","","","1","Replacement Pending from BLT","",""
"781","28 Jul 2026","gfyhg","TS-III Analog Upgradable","50.000302A","SMPS module","","","","1","Replacement Pending from BLT","",""
"782","28 Jul 2026","gfyhg","TS-III Analog Upgradable","50.000302A","SMPS module","","","","1","Replacement Pending from BLT","",""
"783","28 Jul 2026","gfyhg","TS-III Analog Upgradable","50.000302A","SMPS module","","","","1","Replacement Pending from BLT","",""
"784","28 Jul 2026","gfyhg","TS-III Analog Upgradable","50.000302A","SMPS module","","","","1","Replacement Pending from BLT","",""
"785","28 Jul 2026","gfyhg","TS-III Analog Upgradable","50.000302A","SMPS module","","","","1","Replacement Pending from BLT","",""
"786","28 Jul 2026","gfyhg","TS-III Analog Upgradable","50.000302A","SMPS module","","","","1","Replacement Pending from BLT","",""
"787","28 Jul 2026","gfyhg","TS-III Analog Upgradable","50.000302A","SMPS module","","","","1","Replacement Pending from BLT","",""
"788","28 Jul 2026","gfyhg","TS-III Analog Upgradable","50.000302A","SMPS module","","","","1","Replacement Pending from BLT","",""
"789","28 Jul 2026","gfyhg","TS-III Analog Upgradable","50.000302A","SMPS module","","","","1","Replacement Pending from BLT","",""
"790","28 Jul 2026","gfyhg","TS-III Analog Upgradable","50.000302A","SMPS module","","","","1","Replacement Pending from BLT","",""
"791","28 Jul 2026","gfyhg","TS-III Analog Upgradable","50.000302A","SMPS module","","","","1","Replacement Pending from BLT","",""
"792","28 Jul 2026","gfyhg","TS-III Analog Upgradable","50.000302A","SMPS module","","","","1","Replacement Pending from BLT","",""
"793","28 Jul 2026","gfyhg","TS-III Analog Upgradable","50.000302A","SMPS module","","","","1","Replacement Pending from BLT","",""
"794","28 Jul 2026","gfyhg","TS-III Analog Upgradable","50.000302A","SMPS module","","","","1","Replacement Pending from BLT","",""
"795","28 Jul 2026","gfyhg","TS-III Analog Upgradable","50.000302A","SMPS module","","","","1","Replacement Pending from BLT","",""
"796","28 Jul 2026","gfyhg","TS-III Analog Upgradable","50.000302A","SMPS module","","","","1","Replacement Pending from BLT","",""
"797","28 Jul 2026","gfyhg","TS-III Analog Upgradable","50.000302A","SMPS module","","","","1","Replacement Pending from BLT","",""
"798","28 Jul 2026","gfyhg","TS-III Analog Upgradable","50.000302A","SMPS module","","","","1","Replacement Pending from BLT","",""
"799","28 Jul 2026","gfyhg","TS-III Analog Upgradable","50.000302A","SMPS module","","","","1","Replacement Pending from BLT","",""
"800","28 Jul 2026","gfyhg","TS-III Analog Upgradable","50.000302A","SMPS module","","","","1","Replacement Pending from BLT","",""
"801","28 Jul 2026","gfyhg","TS-III Analog Upgradable","60.000802A","LCD Assembly","","","","1","Replacement Pending from BLT","",""
"802","28 Jul 2026","gfyhg","TS-III Analog Upgradable","60.000802A","LCD Assembly","","","","1","Replacement Pending from BLT","",""
"803","28 Jul 2026","gfyhg","TS-III Analog Upgradable","60.000802A","LCD Assembly","","","","1","Replacement Pending from BLT","",""
"804","28 Jul 2026","gfyhg","TS-III Analog Upgradable","60.000802A","LCD Assembly","","","","1","Replacement Pending from BLT","",""
"805","28 Jul 2026","gfyhg","TS-III Analog Upgradable","60.000802A","LCD Assembly","","","","1","Replacement Pending from BLT","",""
"806","28 Jul 2026","gfyhg","TS-III Analog Upgradable","60.000802A","LCD Assembly","","","","1","Replacement Pending from BLT","",""
"807","28 Jul 2026","gfyhg","TS-III Analog Upgradable","60.000802A","LCD Assembly","","","","1","Replacement Pending from BLT","",""
"808","28 Jul 2026","gfyhg","TS-III Analog Upgradable","60.000802A","LCD Assembly","","","","1","Replacement Pending from BLT","",""
"809","28 Jul 2026","gfyhg","TS-III Analog Upgradable","60.000802A","LCD Assembly","","","","1","Replacement Pending from BLT","",""
"810","28 Jul 2026","gfyhg","TS-III Analog Upgradable","60.000802A","LCD Assembly","","","","1","Replacement Pending from BLT","",""
"811","28 Jul 2026","gfyhg","TS-III Analog Upgradable","60.000802A","LCD Assembly","","","","1","Replacement Pending from BLT","",""
"812","28 Jul 2026","gfyhg","TS-III Analog Upgradable","60.000802A","LCD Assembly","","","","1","Replacement Pending from BLT","",""
"813","28 Jul 2026","gfyhg","TS-III Analog Upgradable","60.000802A","LCD Assembly","","","","1","Replacement Pending from BLT","",""
"814","28 Jul 2026","gfyhg","TS-III Analog Upgradable","60.000802A","LCD Assembly","","","","1","Replacement Pending from BLT","",""
"815","28 Jul 2026","gfyhg","TS-III Analog Upgradable","60.000802A","LCD Assembly","","","","1","Replacement Pending from BLT","",""
"816","28 Jul 2026","gfyhg","TS-III Analog Upgradable","60.000802A","LCD Assembly","","","","1","Replacement Pending from BLT","",""
"817","28 Jul 2026","gfyhg","TS-III Analog Upgradable","60.000802A","LCD Assembly","","","","1","Replacement Pending from BLT","",""
"818","28 Jul 2026","gfyhg","TS-III Analog Upgradable","60.000802A","LCD Assembly","","","","1","Replacement Pending from BLT","",""
"819","28 Jul 2026","gfyhg","TS-III Analog Upgradable","60.000802A","LCD Assembly","","","","1","Replacement Pending from BLT","",""
"820","28 Jul 2026","gfyhg","TS-III Analog Upgradable","60.000802A","LCD Assembly","","","","1","Replacement Pending from BLT","",""
"821","28 Jul 2026","gfyhg","TS-III Analog Upgradable","60.000802A","LCD Assembly","","","","1","Replacement Pending from BLT","",""
"822","28 Jul 2026","gfyhg","TS-III Analog Upgradable","60.000802A","LCD Assembly","","","","1","Replacement Pending from BLT","",""
"823","28 Jul 2026","gfyhg","TS-III Analog Upgradable","60.000802A","LCD Assembly","","","","1","Replacement Pending from BLT","",""
"824","28 Jul 2026","gfyhg","TS-III Analog Upgradable","60.000802A","LCD Assembly","","","","1","Replacement Pending from BLT","",""
"825","28 Jul 2026","gfyhg","TS-III Analog Upgradable","60.000802A","LCD Assembly","","","","1","Replacement Pending from BLT","",""
"826","28 Jul 2026","gfyhg","TS-III Analog Upgradable","60.000802A","LCD Assembly","","","","1","Replacement Pending from BLT","",""
"827","28 Jul 2026","gfyhg","TS-III Analog Upgradable","60.000802A","LCD Assembly","","","","1","Replacement Pending from BLT","",""
"828","28 Jul 2026","gfyhg","TS-III Analog Upgradable","60.000802A","LCD Assembly","","","","1","Replacement Pending from BLT","",""
"829","28 Jul 2026","gfyhg","TS-III Analog Upgradable","60.000802A","LCD Assembly","","","","1","Replacement Pending from BLT","",""
"830","28 Jul 2026","gfyhg","TS-III Analog Upgradable","60.000802A","LCD Assembly","","","","1","Replacement Pending from BLT","",""
"831","28 Jul 2026","gfyhg","TS-III Analog Upgradable","60.000802A","LCD Assembly","","","","1","Replacement Pending from BLT","",""
"832","28 Jul 2026","gfyhg","TS-III Analog Upgradable","60.000802A","LCD Assembly","","","","1","Replacement Pending from BLT","",""
"833","28 Jul 2026","gfyhg","TS-III Analog Upgradable","60.000802A","LCD Assembly","","","","1","Replacement Pending from BLT","",""
"834","28 Jul 2026","gfyhg","TS-III Analog Upgradable","60.000802A","LCD Assembly","","","","1","Replacement Pending from BLT","",""
"835","28 Jul 2026","gfyhg","TS-III Analog Upgradable","60.000802A","LCD Assembly","","","","1","Replacement Pending from BLT","",""
"836","28 Jul 2026","gfyhg","TS-III Analog Upgradable","60.000802A","LCD Assembly","","","","1","Replacement Pending from BLT","",""
"837","28 Jul 2026","gfyhg","TS-III Analog Upgradable","60.000802A","LCD Assembly","","","","1","Replacement Pending from BLT","",""
"838","28 Jul 2026","gfyhg","TS-III Analog Upgradable","60.000802A","LCD Assembly","","","","1","Replacement Pending from BLT","",""
"839","28 Jul 2026","gfyhg","TS-III Analog Upgradable","60.000802A","LCD Assembly","","","","1","Replacement Pending from BLT","",""
"840","28 Jul 2026","gfyhg","TS-III Analog Upgradable","60.000802A","LCD Assembly","","","","1","Replacement Pending from BLT","",""
"841","28 Jul 2026","gfyhg","TS-III Analog Upgradable","60.000802A","LCD Assembly","","","","1","Replacement Pending from BLT","",""
"842","28 Jul 2026","gfyhg","TS-III Analog Upgradable","60.000802A","LCD Assembly","","","","1","Replacement Pending from BLT","",""
"843","28 Jul 2026","gfyhg","TS-III Analog Upgradable","60.000802A","LCD Assembly","","","","1","Replacement Pending from BLT","",""
"844","28 Jul 2026","gfyhg","TS-III Analog Upgradable","60.000802A","LCD Assembly","","","","1","Replacement Pending from BLT","",""
"845","28 Jul 2026","gfyhg","TS-III Analog Upgradable","60.000802A","LCD Assembly","","","","1","Replacement Pending from BLT","",""
"846","28 Jul 2026","gfyhg","TS-III Analog Upgradable","60.000802A","LCD Assembly","","","","1","Replacement Pending from BLT","",""
"847","28 Jul 2026","gfyhg","TS-III Analog Upgradable","60.000802A","LCD Assembly","","","","1","Replacement Pending from BLT","",""
"848","28 Jul 2026","gfyhg","TS-III Analog Upgradable","60.000802A","LCD Assembly","","","","1","Replacement Pending from BLT","",""
"849","28 Jul 2026","gfyhg","TS-III Analog Upgradable","60.000802A","LCD Assembly","","","","1","Replacement Pending from BLT","",""
"850","28 Jul 2026","gfyhg","TS-III Analog Upgradable","60.000802A","LCD Assembly","","","","1","Replacement Pending from BLT","",""
"851","28 Jul 2026","gfyhg","TS-III Analog Upgradable","60.000802A","LCD Assembly","","","","1","Replacement Pending from BLT","",""
"852","28 Jul 2026","gfyhg","TS-III Analog Upgradable","60.000802A","LCD Assembly","","","","1","Replacement Pending from BLT","",""
"853","28 Jul 2026","gfyhg","TS-III Analog Upgradable","60.000802A","LCD Assembly","","","","1","Replacement Pending from BLT","",""
"854","28 Jul 2026","gfyhg","TS-III Analog Upgradable","60.000802A","LCD Assembly","","","","1","Replacement Pending from BLT","",""
"855","28 Jul 2026","gfyhg","TS-III Analog Upgradable","60.000802A","LCD Assembly","","","","1","Replacement Pending from BLT","",""
"856","28 Jul 2026","gfyhg","TS-III Analog Upgradable","60.000802A","LCD Assembly","","","","1","Replacement Pending from BLT","",""
"857","28 Jul 2026","gfyhg","TS-III Analog Upgradable","60.000802A","LCD Assembly","","","","1","Replacement Pending from BLT","",""
"858","28 Jul 2026","gfyhg","TS-III Analog Upgradable","60.000802A","LCD Assembly","","","","1","Replacement Pending from BLT","",""
"859","28 Jul 2026","gfyhg","TS-III Analog Upgradable","60.000802A","LCD Assembly","","","","1","Replacement Pending from BLT","",""
"860","28 Jul 2026","gfyhg","TS-III Analog Upgradable","60.000802A","LCD Assembly","","","","1","Replacement Pending from BLT","",""
"861","28 Jul 2026","gfyhg","TS-III Analog Upgradable","60.000802A","LCD Assembly","","","","1","Replacement Pending from BLT","",""
"862","28 Jul 2026","gfyhg","TS-III Analog Upgradable","60.000802A","LCD Assembly","","","","1","Replacement Pending from BLT","",""
"863","28 Jul 2026","gfyhg","TS-III Analog Upgradable","60.000802A","LCD Assembly","","","","1","Replacement Pending from BLT","",""
"864","28 Jul 2026","gfyhg","TS-III Analog Upgradable","60.000802A","LCD Assembly","","","","1","Replacement Pending from BLT","",""
"865","28 Jul 2026","gfyhg","TS-III Analog Upgradable","60.000802A","LCD Assembly","","","","1","Replacement Pending from BLT","",""
"866","28 Jul 2026","gfyhg","TS-III Analog Upgradable","60.000802A","LCD Assembly","","","","1","Replacement Pending from BLT","",""
"867","28 Jul 2026","gfyhg","TS-III Analog Upgradable","60.000802A","LCD Assembly","","","","1","Replacement Pending from BLT","",""
"868","28 Jul 2026","gfyhg","TS-III Analog Upgradable","60.000802A","LCD Assembly","","","","1","Replacement Pending from BLT","",""
"869","28 Jul 2026","gfyhg","TS-III Analog Upgradable","60.000802A","LCD Assembly","","","","1","Replacement Pending from BLT","",""
"870","28 Jul 2026","gfyhg","TS-III Analog Upgradable","60.000802A","LCD Assembly","","","","1","Replacement Pending from BLT","",""
"871","28 Jul 2026","gfyhg","TS-III Analog Upgradable","60.000802A","LCD Assembly","","","","1","Replacement Pending from BLT","",""
"872","28 Jul 2026","gfyhg","TS-III Analog Upgradable","60.000802A","LCD Assembly","","","","1","Replacement Pending from BLT","",""
"873","28 Jul 2026","gfyhg","TS-III Analog Upgradable","60.000802A","LCD Assembly","","","","1","Replacement Pending from BLT","",""
"874","28 Jul 2026","gfyhg","TS-III Analog Upgradable","60.000802A","LCD Assembly","","","","1","Replacement Pending from BLT","",""
"875","28 Jul 2026","gfyhg","TS-III Analog Upgradable","60.000802A","LCD Assembly","","","","1","Replacement Pending from BLT","",""
"876","28 Jul 2026","gfyhg","TS-III Analog Upgradable","60.000802A","LCD Assembly","","","","1","Replacement Pending from BLT","",""
"877","28 Jul 2026","gfyhg","TS-III Analog Upgradable","60.000802A","LCD Assembly","","","","1","Replacement Pending from BLT","",""
"878","28 Jul 2026","gfyhg","TS-III Analog Upgradable","60.000802A","LCD Assembly","","","","1","Replacement Pending from BLT","",""
"879","28 Jul 2026","gfyhg","TS-III Analog Upgradable","60.000802A","LCD Assembly","","","","1","Replacement Pending from BLT","",""
"880","28 Jul 2026","gfyhg","TS-III Analog Upgradable","60.000802A","LCD Assembly","","","","1","Replacement Pending from BLT","",""
"881","28 Jul 2026","gfyhg","TS-III Analog Upgradable","60.000802A","LCD Assembly","","","","1","Replacement Pending from BLT","",""
"882","28 Jul 2026","gfyhg","TS-III Analog Upgradable","60.000802A","LCD Assembly","","","","1","Replacement Pending from BLT","",""
"883","28 Jul 2026","gfyhg","TS-III Analog Upgradable","60.000802A","LCD Assembly","","","","1","Replacement Pending from BLT","",""
"884","28 Jul 2026","gfyhg","TS-III Analog Upgradable","60.000802A","LCD Assembly","","","","1","Replacement Pending from BLT","",""
"885","28 Jul 2026","gfyhg","TS-III Analog Upgradable","60.000802A","LCD Assembly","","","","1","Replacement Pending from BLT","",""
"886","28 Jul 2026","gfyhg","TS-III Analog Upgradable","60.000802A","LCD Assembly","","","","1","Replacement Pending from BLT","",""
"887","28 Jul 2026","gfyhg","TS-III Analog Upgradable","60.000802A","LCD Assembly","","","","1","Replacement Pending from BLT","",""
"888","28 Jul 2026","gfyhg","TS-III Analog Upgradable","60.000802A","LCD Assembly","","","","1","Replacement Pending from BLT","",""
"889","28 Jul 2026","gfyhg","TS-III Analog Upgradable","60.000802A","LCD Assembly","","","","1","Replacement Pending from BLT","",""
"890","28 Jul 2026","gfyhg","TS-III Analog Upgradable","60.000802A","LCD Assembly","","","","1","Replacement Pending from BLT","",""
"891","28 Jul 2026","gfyhg","TS-III Analog Upgradable","60.000802A","LCD Assembly","","","","1","Replacement Pending from BLT","",""
"892","28 Jul 2026","gfyhg","TS-III Analog Upgradable","60.000802A","LCD Assembly","","","","1","Replacement Pending from BLT","",""
"893","28 Jul 2026","gfyhg","TS-III Analog Upgradable","60.000802A","LCD Assembly","","","","1","Replacement Pending from BLT","",""
"894","28 Jul 2026","gfyhg","TS-III Analog Upgradable","60.000802A","LCD Assembly","","","","1","Replacement Pending from BLT","",""
"895","28 Jul 2026","gfyhg","TS-III Analog Upgradable","60.000802A","LCD Assembly","","","","1","Replacement Pending from BLT","",""
"896","28 Jul 2026","gfyhg","TS-III Analog Upgradable","60.000802A","LCD Assembly","","","","1","Replacement Pending from BLT","",""
"897","28 Jul 2026","gfyhg","TS-III Analog Upgradable","60.000802A","LCD Assembly","","","","1","Replacement Pending from BLT","",""
"898","28 Jul 2026","gfyhg","TS-III Analog Upgradable","60.000802A","LCD Assembly","","","","1","Replacement Pending from BLT","",""
"899","28 Jul 2026","gfyhg","TS-III Analog Upgradable","60.000802A","LCD Assembly","","","","1","Replacement Pending from BLT","",""
"900","28 Jul 2026","gfyhg","TS-III Analog Upgradable","60.000802A","LCD Assembly","","","","1","Replacement Pending from BLT","",""
"901","28 Jul 2026","gfyhg","TS-III Analog Upgradable","60.000840A","Front cabinet (cabinet assembly)","Damage","NA","Front Cabinet","1","Replacement Pending from BLT","",""
"902","28 Jul 2026","gfyhg","TS-III Analog Upgradable","60.000840A","Front cabinet (cabinet assembly)","","","","1","Replacement Pending from BLT","",""
"903","28 Jul 2026","gfyhg","TS-III Analog Upgradable","60.000840A","Front cabinet (cabinet assembly)","","","","1","Replacement Pending from BLT","",""
"904","28 Jul 2026","gfyhg","TS-III Analog Upgradable","60.000840A","Front cabinet (cabinet assembly)","","","","1","Replacement Pending from BLT","",""
"905","28 Jul 2026","gfyhg","TS-III Analog Upgradable","60.000840A","Front cabinet (cabinet assembly)","","","","1","Replacement Pending from BLT","",""
"906","28 Jul 2026","gfyhg","TS-III Analog Upgradable","60.000840A","Front cabinet (cabinet assembly)","","","","1","Replacement Pending from BLT","",""
"907","28 Jul 2026","gfyhg","TS-III Analog Upgradable","60.000840A","Front cabinet (cabinet assembly)","","","","1","Replacement Pending from BLT","",""
"908","28 Jul 2026","gfyhg","TS-III Analog Upgradable","60.000840A","Front cabinet (cabinet assembly)","","","","1","Replacement Pending from BLT","",""
"909","28 Jul 2026","gfyhg","TS-III Analog Upgradable","60.000840A","Front cabinet (cabinet assembly)","","","","1","Replacement Pending from BLT","",""
"910","28 Jul 2026","gfyhg","TS-III Analog Upgradable","60.000840A","Front cabinet (cabinet assembly)","","","","1","Replacement Pending from BLT","",""
"911","28 Jul 2026","gfyhg","TS-III Analog Upgradable","60.000840A","Front cabinet (cabinet assembly)","","","","1","Replacement Pending from BLT","",""
"912","28 Jul 2026","gfyhg","TS-III Analog Upgradable","60.000840A","Front cabinet (cabinet assembly)","","","","1","Replacement Pending from BLT","",""
"913","28 Jul 2026","gfyhg","TS-III Analog Upgradable","60.000840A","Front cabinet (cabinet assembly)","","","","1","Replacement Pending from BLT","",""
"914","28 Jul 2026","gfyhg","TS-III Analog Upgradable","60.000840A","Front cabinet (cabinet assembly)","","","","1","Replacement Pending from BLT","",""
"915","28 Jul 2026","gfyhg","TS-III Analog Upgradable","60.000840A","Front cabinet (cabinet assembly)","","","","1","Replacement Pending from BLT","",""
"916","28 Jul 2026","gfyhg","TS-III Analog Upgradable","60.000840A","Front cabinet (cabinet assembly)","","","","1","Replacement Pending from BLT","",""
"917","28 Jul 2026","gfyhg","TS-III Analog Upgradable","60.000840A","Front cabinet (cabinet assembly)","","","","1","Replacement Pending from BLT","",""
"918","28 Jul 2026","gfyhg","TS-III Analog Upgradable","60.000840A","Front cabinet (cabinet assembly)","","","","1","Replacement Pending from BLT","",""
"919","28 Jul 2026","gfyhg","TS-III Analog Upgradable","60.000840A","Front cabinet (cabinet assembly)","","","","1","Replacement Pending from BLT","",""
"920","28 Jul 2026","gfyhg","TS-III Analog Upgradable","60.000840A","Front cabinet (cabinet assembly)","","","","1","Replacement Pending from BLT","",""
"921","28 Jul 2026","gfyhg","TS-III Analog Upgradable","60.000840A","Front cabinet (cabinet assembly)","","","","1","Replacement Pending from BLT","",""
"922","28 Jul 2026","gfyhg","TS-III Analog Upgradable","60.000840A","Front cabinet (cabinet assembly)","","","","1","Replacement Pending from BLT","",""
"923","28 Jul 2026","gfyhg","TS-III Analog Upgradable","60.000840A","Front cabinet (cabinet assembly)","","","","1","Replacement Pending from BLT","",""
"924","28 Jul 2026","gfyhg","TS-III Analog Upgradable","60.000840A","Front cabinet (cabinet assembly)","","","","1","Replacement Pending from BLT","",""
"925","28 Jul 2026","gfyhg","TS-III Analog Upgradable","60.000840A","Front cabinet (cabinet assembly)","","","","1","Replacement Pending from BLT","",""
"926","28 Jul 2026","gfyhg","TS-III Analog Upgradable","60.000840A","Front cabinet (cabinet assembly)","","","","1","Replacement Pending from BLT","",""
"927","28 Jul 2026","gfyhg","TS-III Analog Upgradable","60.000840A","Front cabinet (cabinet assembly)","","","","1","Replacement Pending from BLT","",""
"928","28 Jul 2026","gfyhg","TS-III Analog Upgradable","60.000840A","Front cabinet (cabinet assembly)","","","","1","Replacement Pending from BLT","",""
"929","28 Jul 2026","gfyhg","TS-III Analog Upgradable","60.000840A","Front cabinet (cabinet assembly)","","","","1","Replacement Pending from BLT","",""
"930","28 Jul 2026","gfyhg","TS-III Analog Upgradable","60.000840A","Front cabinet (cabinet assembly)","","","","1","Replacement Pending from BLT","",""
"931","28 Jul 2026","gfyhg","TS-III Analog Upgradable","60.000840A","Front cabinet (cabinet assembly)","","","","1","Replacement Pending from BLT","",""
"932","28 Jul 2026","gfyhg","TS-III Analog Upgradable","60.000840A","Front cabinet (cabinet assembly)","","","","1","Replacement Pending from BLT","",""
"933","28 Jul 2026","gfyhg","TS-III Analog Upgradable","60.000840A","Front cabinet (cabinet assembly)","","","","1","Replacement Pending from BLT","",""
"934","28 Jul 2026","gfyhg","TS-III Analog Upgradable","60.000840A","Front cabinet (cabinet assembly)","","","","1","Replacement Pending from BLT","",""
"935","28 Jul 2026","gfyhg","TS-III Analog Upgradable","60.000840A","Front cabinet (cabinet assembly)","","","","1","Replacement Pending from BLT","",""
"936","28 Jul 2026","gfyhg","TS-III Analog Upgradable","60.000840A","Front cabinet (cabinet assembly)","","","","1","Replacement Pending from BLT","",""
"937","28 Jul 2026","gfyhg","TS-III Analog Upgradable","60.000840A","Front cabinet (cabinet assembly)","","","","1","Replacement Pending from BLT","",""
"938","28 Jul 2026","gfyhg","TS-III Analog Upgradable","60.000840A","Front cabinet (cabinet assembly)","","","","1","Replacement Pending from BLT","",""
"939","28 Jul 2026","gfyhg","TS-III Analog Upgradable","60.000840A","Front cabinet (cabinet assembly)","","","","1","Replacement Pending from BLT","",""
"940","28 Jul 2026","gfyhg","TS-III Analog Upgradable","60.000840A","Front cabinet (cabinet assembly)","","","","1","Replacement Pending from BLT","",""
"941","28 Jul 2026","gfyhg","TS-III Analog Upgradable","60.000840A","Front cabinet (cabinet assembly)","","","","1","Replacement Pending from BLT","",""
"942","28 Jul 2026","gfyhg","TS-III Analog Upgradable","60.000840A","Front cabinet (cabinet assembly)","","","","1","Replacement Pending from BLT","",""
"943","28 Jul 2026","gfyhg","TS-III Analog Upgradable","60.000840A","Front cabinet (cabinet assembly)","","","","1","Replacement Pending from BLT","",""
"944","28 Jul 2026","gfyhg","TS-III Analog Upgradable","60.000840A","Front cabinet (cabinet assembly)","","","","1","Replacement Pending from BLT","",""
"945","28 Jul 2026","gfyhg","TS-III Analog Upgradable","60.000840A","Front cabinet (cabinet assembly)","","","","1","Replacement Pending from BLT","",""
"946","28 Jul 2026","gfyhg","TS-III Analog Upgradable","60.000840A","Front cabinet (cabinet assembly)","","","","1","Replacement Pending from BLT","",""
"947","28 Jul 2026","gfyhg","TS-III Analog Upgradable","60.000840A","Front cabinet (cabinet assembly)","","","","1","Replacement Pending from BLT","",""
"948","28 Jul 2026","gfyhg","TS-III Analog Upgradable","60.000840A","Front cabinet (cabinet assembly)","","","","1","Replacement Pending from BLT","",""
"949","28 Jul 2026","gfyhg","TS-III Analog Upgradable","60.000840A","Front cabinet (cabinet assembly)","","","","1","Replacement Pending from BLT","",""
"950","28 Jul 2026","gfyhg","TS-III Analog Upgradable","60.000840A","Front cabinet (cabinet assembly)","","","","1","Replacement Pending from BLT","",""
"951","28 Jul 2026","gfyhg","TS-III Analog Upgradable","60.000840A","Front cabinet (cabinet assembly)","","","","1","Replacement Pending from BLT","",""
"952","28 Jul 2026","gfyhg","TS-III Analog Upgradable","60.000840A","Front cabinet (cabinet assembly)","","","","1","Replacement Pending from BLT","",""
"953","28 Jul 2026","gfyhg","TS-III Analog Upgradable","60.000840A","Front cabinet (cabinet assembly)","","","","1","Replacement Pending from BLT","",""
"954","28 Jul 2026","gfyhg","TS-III Analog Upgradable","60.000840A","Front cabinet (cabinet assembly)","","","","1","Replacement Pending from BLT","",""
"955","28 Jul 2026","gfyhg","TS-III Analog Upgradable","60.000840A","Front cabinet (cabinet assembly)","","","","1","Replacement Pending from BLT","",""
"956","28 Jul 2026","gfyhg","TS-III Analog Upgradable","60.000840A","Front cabinet (cabinet assembly)","","","","1","Replacement Pending from BLT","",""
"957","28 Jul 2026","gfyhg","TS-III Analog Upgradable","60.000840A","Front cabinet (cabinet assembly)","","","","1","Replacement Pending from BLT","",""
"958","28 Jul 2026","gfyhg","TS-III Analog Upgradable","60.000840A","Front cabinet (cabinet assembly)","","","","1","Replacement Pending from BLT","",""
"959","28 Jul 2026","gfyhg","TS-III Analog Upgradable","60.000840A","Front cabinet (cabinet assembly)","","","","1","Replacement Pending from BLT","",""
"960","28 Jul 2026","gfyhg","TS-III Analog Upgradable","60.000840A","Front cabinet (cabinet assembly)","","","","1","Replacement Pending from BLT","",""
"961","28 Jul 2026","gfyhg","TS-III Analog Upgradable","60.000840A","Front cabinet (cabinet assembly)","","","","1","Replacement Pending from BLT","",""
"962","28 Jul 2026","gfyhg","TS-III Analog Upgradable","60.000840A","Front cabinet (cabinet assembly)","","","","1","Replacement Pending from BLT","",""
"963","28 Jul 2026","gfyhg","TS-III Analog Upgradable","60.000840A","Front cabinet (cabinet assembly)","","","","1","Replacement Pending from BLT","",""
"964","28 Jul 2026","gfyhg","TS-III Analog Upgradable","60.000840A","Front cabinet (cabinet assembly)","","","","1","Replacement Pending from BLT","",""
"965","28 Jul 2026","gfyhg","TS-III Analog Upgradable","60.000840A","Front cabinet (cabinet assembly)","","","","1","Replacement Pending from BLT","",""
"966","28 Jul 2026","gfyhg","TS-III Analog Upgradable","60.000840A","Front cabinet (cabinet assembly)","","","","1","Replacement Pending from BLT","",""
"967","28 Jul 2026","gfyhg","TS-III Analog Upgradable","60.000840A","Front cabinet (cabinet assembly)","","","","1","Replacement Pending from BLT","",""
"968","28 Jul 2026","gfyhg","TS-III Analog Upgradable","60.000840A","Front cabinet (cabinet assembly)","","","","1","Replacement Pending from BLT","",""
"969","28 Jul 2026","gfyhg","TS-III Analog Upgradable","60.000840A","Front cabinet (cabinet assembly)","","","","1","Replacement Pending from BLT","",""
"970","28 Jul 2026","gfyhg","TS-III Analog Upgradable","60.000840A","Front cabinet (cabinet assembly)","","","","1","Replacement Pending from BLT","",""
"971","28 Jul 2026","gfyhg","TS-III Analog Upgradable","60.000840A","Front cabinet (cabinet assembly)","","","","1","Replacement Pending from BLT","",""
"972","28 Jul 2026","gfyhg","TS-III Analog Upgradable","60.000840A","Front cabinet (cabinet assembly)","","","","1","Replacement Pending from BLT","",""
"973","28 Jul 2026","gfyhg","TS-III Analog Upgradable","60.000840A","Front cabinet (cabinet assembly)","","","","1","Replacement Pending from BLT","",""
"974","28 Jul 2026","gfyhg","TS-III Analog Upgradable","60.000840A","Front cabinet (cabinet assembly)","","","","1","Replacement Pending from BLT","",""
"975","28 Jul 2026","gfyhg","TS-III Analog Upgradable","60.000840A","Front cabinet (cabinet assembly)","","","","1","Replacement Pending from BLT","",""
"976","28 Jul 2026","gfyhg","TS-III Analog Upgradable","60.000840A","Front cabinet (cabinet assembly)","","","","1","Replacement Pending from BLT","",""
"977","28 Jul 2026","gfyhg","TS-III Analog Upgradable","60.000840A","Front cabinet (cabinet assembly)","","","","1","Replacement Pending from BLT","",""
"978","28 Jul 2026","gfyhg","TS-III Analog Upgradable","60.000840A","Front cabinet (cabinet assembly)","","","","1","Replacement Pending from BLT","",""
"979","28 Jul 2026","gfyhg","TS-III Analog Upgradable","60.000840A","Front cabinet (cabinet assembly)","","","","1","Replacement Pending from BLT","",""
"980","28 Jul 2026","gfyhg","TS-III Analog Upgradable","60.000840A","Front cabinet (cabinet assembly)","","","","1","Replacement Pending from BLT","",""
"981","28 Jul 2026","gfyhg","TS-III Analog Upgradable","60.000840A","Front cabinet (cabinet assembly)","","","","1","Replacement Pending from BLT","",""
"982","28 Jul 2026","gfyhg","TS-III Analog Upgradable","60.000840A","Front cabinet (cabinet assembly)","","","","1","Replacement Pending from BLT","",""
"983","28 Jul 2026","gfyhg","TS-III Analog Upgradable","60.000840A","Front cabinet (cabinet assembly)","","","","1","Replacement Pending from BLT","",""
"984","28 Jul 2026","gfyhg","TS-III Analog Upgradable","60.000840A","Front cabinet (cabinet assembly)","","","","1","Replacement Pending from BLT","",""
"985","28 Jul 2026","gfyhg","TS-III Analog Upgradable","60.000840A","Front cabinet (cabinet assembly)","","","","1","Replacement Pending from BLT","",""
"986","28 Jul 2026","gfyhg","TS-III Analog Upgradable","60.000840A","Front cabinet (cabinet assembly)","","","","1","Replacement Pending from BLT","",""
"987","28 Jul 2026","gfyhg","TS-III Analog Upgradable","60.000840A","Front cabinet (cabinet assembly)","","","","1","Replacement Pending from BLT","",""
"988","28 Jul 2026","gfyhg","TS-III Analog Upgradable","60.000840A","Front cabinet (cabinet assembly)","","","","1","Replacement Pending from BLT","",""
"989","28 Jul 2026","gfyhg","TS-III Analog Upgradable","60.000840A","Front cabinet (cabinet assembly)","","","","1","Replacement Pending from BLT","",""
"990","28 Jul 2026","gfyhg","TS-III Analog Upgradable","60.000840A","Front cabinet (cabinet assembly)","","","","1","Replacement Pending from BLT","",""
"991","28 Jul 2026","gfyhg","TS-III Analog Upgradable","60.000840A","Front cabinet (cabinet assembly)","","","","1","Replacement Pending from BLT","",""
"992","28 Jul 2026","gfyhg","TS-III Analog Upgradable","60.000840A","Front cabinet (cabinet assembly)","","","","1","Replacement Pending from BLT","",""
"993","28 Jul 2026","gfyhg","TS-III Analog Upgradable","60.000840A","Front cabinet (cabinet assembly)","","","","1","Replacement Pending from BLT","",""
"994","28 Jul 2026","gfyhg","TS-III Analog Upgradable","60.000840A","Front cabinet (cabinet assembly)","","","","1","Replacement Pending from BLT","",""
"995","28 Jul 2026","gfyhg","TS-III Analog Upgradable","60.000840A","Front cabinet (cabinet assembly)","","","","1","Replacement Pending from BLT","",""
"996","28 Jul 2026","gfyhg","TS-III Analog Upgradable","60.000840A","Front cabinet (cabinet assembly)","","","","1","Replacement Pending from BLT","",""
"997","28 Jul 2026","gfyhg","TS-III Analog Upgradable","60.000840A","Front cabinet (cabinet assembly)","","","","1","Replacement Pending from BLT","",""
"998","28 Jul 2026","gfyhg","TS-III Analog Upgradable","60.000840A","Front cabinet (cabinet assembly)","","","","1","Replacement Pending from BLT","",""
"999","28 Jul 2026","gfyhg","TS-III Analog Upgradable","60.000840A","Front cabinet (cabinet assembly)","","","","1","Replacement Pending from BLT","",""
"1000","28 Jul 2026","gfyhg","TS-III Analog Upgradable","60.000841A","Power source assembly frame-TS III","","","","1","Replacement Pending from BLT","",""
"1001","28 Jul 2026","gfyhg","TS-III Analog Upgradable","60.000841A","Power source assembly frame-TS III","","","","1","Replacement Pending from BLT","",""
"1002","28 Jul 2026","gfyhg","TS-III Analog Upgradable","60.000841A","Power source assembly frame-TS III","","","","1","Replacement Pending from BLT","",""
"1003","28 Jul 2026","gfyhg","TS-III Analog Upgradable","60.000841A","Power source assembly frame-TS III","","","","1","Replacement Pending from BLT","",""
"1004","28 Jul 2026","gfyhg","TS-III Analog Upgradable","60.000841A","Power source assembly frame-TS III","","","","1","Replacement Pending from BLT","",""
"1005","28 Jul 2026","gfyhg","TS-III Analog Upgradable","60.000841A","Power source assembly frame-TS III","","","","1","Replacement Pending from BLT","",""
"1006","28 Jul 2026","gfyhg","TS-III Analog Upgradable","60.000841A","Power source assembly frame-TS III","","","","1","Replacement Pending from BLT","",""
"1007","28 Jul 2026","gfyhg","TS-III Analog Upgradable","60.000841A","Power source assembly frame-TS III","","","","1","Replacement Pending from BLT","",""
"1008","28 Jul 2026","gfyhg","TS-III Analog Upgradable","60.000841A","Power source assembly frame-TS III","","","","1","Replacement Pending from BLT","",""
"1009","28 Jul 2026","gfyhg","TS-III Analog Upgradable","60.000841A","Power source assembly frame-TS III","","","","1","Replacement Pending from BLT","",""
"1010","28 Jul 2026","gfyhg","TS-III Analog Upgradable","60.000841A","Power source assembly frame-TS III","","","","1","Replacement Pending from BLT","",""
"1011","28 Jul 2026","gfyhg","TS-III Analog Upgradable","60.000841A","Power source assembly frame-TS III","","","","1","Replacement Pending from BLT","",""
"1012","28 Jul 2026","gfyhg","TS-III Analog Upgradable","60.000841A","Power source assembly frame-TS III","","","","1","Replacement Pending from BLT","",""
"1013","28 Jul 2026","gfyhg","TS-III Analog Upgradable","60.000841A","Power source assembly frame-TS III","","","","1","Replacement Pending from BLT","",""
"1014","28 Jul 2026","gfyhg","TS-III Analog Upgradable","60.000841A","Power source assembly frame-TS III","","","","1","Replacement Pending from BLT","",""
"1015","28 Jul 2026","gfyhg","TS-III Analog Upgradable","60.000841A","Power source assembly frame-TS III","","","","1","Replacement Pending from BLT","",""
"1016","28 Jul 2026","gfyhg","TS-III Analog Upgradable","60.000841A","Power source assembly frame-TS III","","","","1","Replacement Pending from BLT","",""
"1017","28 Jul 2026","gfyhg","TS-III Analog Upgradable","60.000841A","Power source assembly frame-TS III","","","","1","Replacement Pending from BLT","",""
"1018","28 Jul 2026","gfyhg","TS-III Analog Upgradable","60.000841A","Power source assembly frame-TS III","","","","1","Replacement Pending from BLT","",""
"1019","28 Jul 2026","gfyhg","TS-III Analog Upgradable","60.000841A","Power source assembly frame-TS III","","","","1","Replacement Pending from BLT","",""
"1020","28 Jul 2026","gfyhg","TS-III Analog Upgradable","60.000841A","Power source assembly frame-TS III","","","","1","Replacement Pending from BLT","",""
"1021","28 Jul 2026","gfyhg","TS-III Analog Upgradable","60.000841A","Power source assembly frame-TS III","","","","1","Replacement Pending from BLT","",""
"1022","28 Jul 2026","gfyhg","TS-III Analog Upgradable","60.000841A","Power source assembly frame-TS III","","","","1","Replacement Pending from BLT","",""
"1023","28 Jul 2026","gfyhg","TS-III Analog Upgradable","60.000841A","Power source assembly frame-TS III","","","","1","Replacement Pending from BLT","",""
"1024","28 Jul 2026","gfyhg","TS-III Analog Upgradable","60.000841A","Power source assembly frame-TS III","","","","1","Replacement Pending from BLT","",""
"1025","28 Jul 2026","gfyhg","TS-III Analog Upgradable","60.000841A","Power source assembly frame-TS III","","","","1","Replacement Pending from BLT","",""
"1026","28 Jul 2026","gfyhg","TS-III Analog Upgradable","60.000841A","Power source assembly frame-TS III","","","","1","Replacement Pending from BLT","",""
"1027","28 Jul 2026","gfyhg","TS-III Analog Upgradable","60.000841A","Power source assembly frame-TS III","","","","1","Replacement Pending from BLT","",""
"1028","28 Jul 2026","gfyhg","TS-III Analog Upgradable","60.000841A","Power source assembly frame-TS III","","","","1","Replacement Pending from BLT","",""
"1029","28 Jul 2026","gfyhg","TS-III Analog Upgradable","60.000841A","Power source assembly frame-TS III","","","","1","Replacement Pending from BLT","",""
"1030","28 Jul 2026","gfyhg","TS-III Analog Upgradable","60.000841A","Power source assembly frame-TS III","","","","1","Replacement Pending from BLT","",""
"1031","28 Jul 2026","gfyhg","TS-III Analog Upgradable","60.000841A","Power source assembly frame-TS III","","","","1","Replacement Pending from BLT","",""
"1032","28 Jul 2026","gfyhg","TS-III Analog Upgradable","60.000841A","Power source assembly frame-TS III","","","","1","Replacement Pending from BLT","",""
"1033","28 Jul 2026","gfyhg","TS-III Analog Upgradable","60.000841A","Power source assembly frame-TS III","","","","1","Replacement Pending from BLT","",""
"1034","28 Jul 2026","gfyhg","TS-III Analog Upgradable","60.000841A","Power source assembly frame-TS III","","","","1","Replacement Pending from BLT","",""
"1035","28 Jul 2026","gfyhg","TS-III Analog Upgradable","60.000841A","Power source assembly frame-TS III","","","","1","Replacement Pending from BLT","",""
"1036","28 Jul 2026","gfyhg","TS-III Analog Upgradable","60.000841A","Power source assembly frame-TS III","","","","1","Replacement Pending from BLT","",""
"1037","28 Jul 2026","gfyhg","TS-III Analog Upgradable","60.000841A","Power source assembly frame-TS III","","","","1","Replacement Pending from BLT","",""
"1038","28 Jul 2026","gfyhg","TS-III Analog Upgradable","60.000841A","Power source assembly frame-TS III","","","","1","Replacement Pending from BLT","",""
"1039","28 Jul 2026","gfyhg","TS-III Analog Upgradable","60.000841A","Power source assembly frame-TS III","","","","1","Replacement Pending from BLT","",""
"1040","28 Jul 2026","gfyhg","TS-III Analog Upgradable","60.000841A","Power source assembly frame-TS III","","","","1","Replacement Pending from BLT","",""
"1041","28 Jul 2026","gfyhg","TS-III Analog Upgradable","60.000841A","Power source assembly frame-TS III","","","","1","Replacement Pending from BLT","",""
"1042","28 Jul 2026","gfyhg","TS-III Analog Upgradable","60.000841A","Power source assembly frame-TS III","","","","1","Replacement Pending from BLT","",""
"1043","28 Jul 2026","gfyhg","TS-III Analog Upgradable","60.000841A","Power source assembly frame-TS III","","","","1","Replacement Pending from BLT","",""
"1044","28 Jul 2026","gfyhg","TS-III Analog Upgradable","60.000841A","Power source assembly frame-TS III","","","","1","Replacement Pending from BLT","",""
"1045","28 Jul 2026","gfyhg","TS-III Analog Upgradable","60.000841A","Power source assembly frame-TS III","","","","1","Replacement Pending from BLT","",""
"1046","28 Jul 2026","gfyhg","TS-III Analog Upgradable","60.000841A","Power source assembly frame-TS III","","","","1","Replacement Pending from BLT","",""
"1047","28 Jul 2026","gfyhg","TS-III Analog Upgradable","60.000841A","Power source assembly frame-TS III","","","","1","Replacement Pending from BLT","",""
"1048","28 Jul 2026","gfyhg","TS-III Analog Upgradable","60.000841A","Power source assembly frame-TS III","","","","1","Replacement Pending from BLT","",""
"1049","28 Jul 2026","gfyhg","TS-III Analog Upgradable","60.000841A","Power source assembly frame-TS III","","","","1","Replacement Pending from BLT","",""
"1050","28 Jul 2026","gfyhg","TS-III Analog Upgradable","60.000841A","Power source assembly frame-TS III","","","","1","Replacement Pending from BLT","",""
"1051","28 Jul 2026","gfyhg","TS-III Analog Upgradable","60.000841A","Power source assembly frame-TS III","","","","1","Replacement Pending from BLT","",""
"1052","28 Jul 2026","gfyhg","TS-III Analog Upgradable","60.000841A","Power source assembly frame-TS III","","","","1","Replacement Pending from BLT","",""
"1053","28 Jul 2026","gfyhg","TS-III Analog Upgradable","60.000841A","Power source assembly frame-TS III","","","","1","Replacement Pending from BLT","",""
"1054","28 Jul 2026","gfyhg","TS-III Analog Upgradable","60.000841A","Power source assembly frame-TS III","","","","1","Replacement Pending from BLT","",""
"1055","28 Jul 2026","gfyhg","TS-III Analog Upgradable","60.000841A","Power source assembly frame-TS III","","","","1","Replacement Pending from BLT","",""
"1056","28 Jul 2026","gfyhg","TS-III Analog Upgradable","60.000841A","Power source assembly frame-TS III","","","","1","Replacement Pending from BLT","",""
"1057","28 Jul 2026","gfyhg","TS-III Analog Upgradable","60.000841A","Power source assembly frame-TS III","","","","1","Replacement Pending from BLT","",""
"1058","28 Jul 2026","gfyhg","TS-III Analog Upgradable","60.000841A","Power source assembly frame-TS III","","","","1","Replacement Pending from BLT","",""
"1059","28 Jul 2026","gfyhg","TS-III Analog Upgradable","60.000841A","Power source assembly frame-TS III","","","","1","Replacement Pending from BLT","",""
"1060","28 Jul 2026","gfyhg","TS-III Analog Upgradable","60.000841A","Power source assembly frame-TS III","","","","1","Replacement Pending from BLT","",""
"1061","28 Jul 2026","gfyhg","TS-III Analog Upgradable","60.000841A","Power source assembly frame-TS III","","","","1","Replacement Pending from BLT","",""
"1062","28 Jul 2026","gfyhg","TS-III Analog Upgradable","60.000841A","Power source assembly frame-TS III","","","","1","Replacement Pending from BLT","",""
"1063","28 Jul 2026","gfyhg","TS-III Analog Upgradable","60.000841A","Power source assembly frame-TS III","","","","1","Replacement Pending from BLT","",""
"1064","28 Jul 2026","gfyhg","TS-III Analog Upgradable","60.000841A","Power source assembly frame-TS III","","","","1","Replacement Pending from BLT","",""
"1065","28 Jul 2026","gfyhg","TS-III Analog Upgradable","60.000841A","Power source assembly frame-TS III","","","","1","Replacement Pending from BLT","",""
"1066","28 Jul 2026","gfyhg","TS-III Analog Upgradable","60.000841A","Power source assembly frame-TS III","","","","1","Replacement Pending from BLT","",""
"1067","28 Jul 2026","gfyhg","TS-III Analog Upgradable","60.000841A","Power source assembly frame-TS III","","","","1","Replacement Pending from BLT","",""
"1068","28 Jul 2026","gfyhg","TS-III Analog Upgradable","60.000841A","Power source assembly frame-TS III","","","","1","Replacement Pending from BLT","",""
"1069","28 Jul 2026","gfyhg","TS-III Analog Upgradable","60.000841A","Power source assembly frame-TS III","","","","1","Replacement Pending from BLT","",""
"1070","28 Jul 2026","gfyhg","TS-III Analog Upgradable","60.000841A","Power source assembly frame-TS III","","","","1","Replacement Pending from BLT","",""
"1071","28 Jul 2026","gfyhg","TS-III Analog Upgradable","60.000841A","Power source assembly frame-TS III","","","","1","Replacement Pending from BLT","",""
"1072","28 Jul 2026","gfyhg","TS-III Analog Upgradable","60.000841A","Power source assembly frame-TS III","","","","1","Replacement Pending from BLT","",""
"1073","28 Jul 2026","gfyhg","TS-III Analog Upgradable","60.000841A","Power source assembly frame-TS III","","","","1","Replacement Pending from BLT","",""
"1074","28 Jul 2026","gfyhg","TS-III Analog Upgradable","60.000841A","Power source assembly frame-TS III","","","","1","Replacement Pending from BLT","",""
"1075","28 Jul 2026","gfyhg","TS-III Analog Upgradable","60.000841A","Power source assembly frame-TS III","","","","1","Replacement Pending from BLT","",""
"1076","28 Jul 2026","gfyhg","TS-III Analog Upgradable","60.000841A","Power source assembly frame-TS III","","","","1","Replacement Pending from BLT","",""
"1077","28 Jul 2026","gfyhg","TS-III Analog Upgradable","60.000841A","Power source assembly frame-TS III","","","","1","Replacement Pending from BLT","",""
"1078","28 Jul 2026","gfyhg","TS-III Analog Upgradable","60.000841A","Power source assembly frame-TS III","","","","1","Replacement Pending from BLT","",""
"1079","28 Jul 2026","gfyhg","TS-III Analog Upgradable","60.000841A","Power source assembly frame-TS III","","","","1","Replacement Pending from BLT","",""
"1080","28 Jul 2026","gfyhg","TS-III Analog Upgradable","60.000841A","Power source assembly frame-TS III","","","","1","Replacement Pending from BLT","",""
"1081","28 Jul 2026","gfyhg","TS-III Analog Upgradable","60.000841A","Power source assembly frame-TS III","","","","1","Replacement Pending from BLT","",""
"1082","28 Jul 2026","gfyhg","TS-III Analog Upgradable","60.000841A","Power source assembly frame-TS III","","","","1","Replacement Pending from BLT","",""
"1083","28 Jul 2026","gfyhg","TS-III Analog Upgradable","60.000841A","Power source assembly frame-TS III","","","","1","Replacement Pending from BLT","",""
"1084","28 Jul 2026","gfyhg","TS-III Analog Upgradable","60.000841A","Power source assembly frame-TS III","","","","1","Replacement Pending from BLT","",""
"1085","28 Jul 2026","gfyhg","TS-III Analog Upgradable","60.000841A","Power source assembly frame-TS III","","","","1","Replacement Pending from BLT","",""
"1086","28 Jul 2026","gfyhg","TS-III Analog Upgradable","60.000841A","Power source assembly frame-TS III","","","","1","Replacement Pending from BLT","",""
"1087","28 Jul 2026","gfyhg","TS-III Analog Upgradable","60.000841A","Power source assembly frame-TS III","","","","1","Replacement Pending from BLT","",""
"1088","28 Jul 2026","gfyhg","TS-III Analog Upgradable","60.000841A","Power source assembly frame-TS III","","","","1","Replacement Pending from BLT","",""
"1089","28 Jul 2026","gfyhg","TS-III Analog Upgradable","60.000841A","Power source assembly frame-TS III","","","","1","Replacement Pending from BLT","",""
"1090","28 Jul 2026","gfyhg","TS-III Analog Upgradable","60.000841A","Power source assembly frame-TS III","","","","1","Replacement Pending from BLT","",""
"1091","28 Jul 2026","gfyhg","TS-III Analog Upgradable","60.000841A","Power source assembly frame-TS III","","","","1","Replacement Pending from BLT","",""
"1092","28 Jul 2026","gfyhg","TS-III Analog Upgradable","60.000841A","Power source assembly frame-TS III","","","","1","Replacement Pending from BLT","",""
"1093","28 Jul 2026","gfyhg","TS-III Analog Upgradable","60.000841A","Power source assembly frame-TS III","","","","1","Replacement Pending from BLT","",""
"1094","28 Jul 2026","gfyhg","TS-III Analog Upgradable","60.000841A","Power source assembly frame-TS III","","","","1","Replacement Pending from BLT","",""
"1095","28 Jul 2026","gfyhg","TS-III Analog Upgradable","60.000841A","Power source assembly frame-TS III","","","","1","Replacement Pending from BLT","",""
"1096","28 Jul 2026","gfyhg","TS-III Analog Upgradable","60.000841A","Power source assembly frame-TS III","","","","1","Replacement Pending from BLT","",""
"1097","28 Jul 2026","gfyhg","TS-III Analog Upgradable","60.000841A","Power source assembly frame-TS III","","","","1","Replacement Pending from BLT","",""
"1098","28 Jul 2026","gfyhg","TS-III Analog Upgradable","60.000841A","Power source assembly frame-TS III","","","","1","Replacement Pending from BLT","",""
"1099","28 Jul 2026","gfyhg","TS-III Analog Upgradable","60.000841A","Power source assembly frame-TS III","","","","1","Replacement Pending from BLT","",""
"1100","28 Jul 2026","gfyhg","TS-III Analog Upgradable","60.000841V","Power source assembly frame with VGA-TS III","","","","1","Replacement Pending from BLT","",""
"1101","28 Jul 2026","gfyhg","TS-III Analog Upgradable","60.000841V","Power source assembly frame with VGA-TS III","","","","1","Replacement Pending from BLT","",""
"1102","28 Jul 2026","gfyhg","TS-III Analog Upgradable","60.000841V","Power source assembly frame with VGA-TS III","","","","1","Replacement Pending from BLT","",""
"1103","28 Jul 2026","gfyhg","TS-III Analog Upgradable","60.000841V","Power source assembly frame with VGA-TS III","","","","1","Replacement Pending from BLT","",""
"1104","28 Jul 2026","gfyhg","TS-III Analog Upgradable","60.000841V","Power source assembly frame with VGA-TS III","","","","1","Replacement Pending from BLT","",""
"1105","28 Jul 2026","gfyhg","TS-III Analog Upgradable","60.000841V","Power source assembly frame with VGA-TS III","","","","1","Replacement Pending from BLT","",""
"1106","28 Jul 2026","gfyhg","TS-III Analog Upgradable","60.000841V","Power source assembly frame with VGA-TS III","","","","1","Replacement Pending from BLT","",""
"1107","28 Jul 2026","gfyhg","TS-III Analog Upgradable","60.000841V","Power source assembly frame with VGA-TS III","","","","1","Replacement Pending from BLT","",""
"1108","28 Jul 2026","gfyhg","TS-III Analog Upgradable","60.000841V","Power source assembly frame with VGA-TS III","","","","1","Replacement Pending from BLT","",""
"1109","28 Jul 2026","gfyhg","TS-III Analog Upgradable","60.000841V","Power source assembly frame with VGA-TS III","","","","1","Replacement Pending from BLT","",""
"1110","28 Jul 2026","gfyhg","TS-III Analog Upgradable","60.000841V","Power source assembly frame with VGA-TS III","","","","1","Replacement Pending from BLT","",""
"1111","28 Jul 2026","gfyhg","TS-III Analog Upgradable","60.000841V","Power source assembly frame with VGA-TS III","","","","1","Replacement Pending from BLT","",""
"1112","28 Jul 2026","gfyhg","TS-III Analog Upgradable","60.000841V","Power source assembly frame with VGA-TS III","","","","1","Replacement Pending from BLT","",""
"1113","28 Jul 2026","gfyhg","TS-III Analog Upgradable","60.000841V","Power source assembly frame with VGA-TS III","","","","1","Replacement Pending from BLT","",""
"1114","28 Jul 2026","gfyhg","TS-III Analog Upgradable","60.000841V","Power source assembly frame with VGA-TS III","","","","1","Replacement Pending from BLT","",""
"1115","28 Jul 2026","gfyhg","TS-III Analog Upgradable","60.000841V","Power source assembly frame with VGA-TS III","","","","1","Replacement Pending from BLT","",""
"1116","28 Jul 2026","gfyhg","TS-III Analog Upgradable","60.000841V","Power source assembly frame with VGA-TS III","","","","1","Replacement Pending from BLT","",""
"1117","28 Jul 2026","gfyhg","TS-III Analog Upgradable","60.000841V","Power source assembly frame with VGA-TS III","","","","1","Replacement Pending from BLT","",""
"1118","28 Jul 2026","gfyhg","TS-III Analog Upgradable","60.000841V","Power source assembly frame with VGA-TS III","","","","1","Replacement Pending from BLT","",""
"1119","28 Jul 2026","gfyhg","TS-III Analog Upgradable","60.000841V","Power source assembly frame with VGA-TS III","","","","1","Replacement Pending from BLT","",""
"1120","28 Jul 2026","gfyhg","TS-III Analog Upgradable","60.000841V","Power source assembly frame with VGA-TS III","","","","1","Replacement Pending from BLT","",""
"1121","28 Jul 2026","gfyhg","TS-III Analog Upgradable","60.000841V","Power source assembly frame with VGA-TS III","","","","1","Replacement Pending from BLT","",""
"1122","28 Jul 2026","gfyhg","TS-III Analog Upgradable","60.000841V","Power source assembly frame with VGA-TS III","","","","1","Replacement Pending from BLT","",""
"1123","28 Jul 2026","gfyhg","TS-III Analog Upgradable","60.000841V","Power source assembly frame with VGA-TS III","","","","1","Replacement Pending from BLT","",""
"1124","28 Jul 2026","gfyhg","TS-III Analog Upgradable","60.000841V","Power source assembly frame with VGA-TS III","","","","1","Replacement Pending from BLT","",""
"1125","28 Jul 2026","gfyhg","TS-III Analog Upgradable","60.000841V","Power source assembly frame with VGA-TS III","","","","1","Replacement Pending from BLT","",""
"1126","28 Jul 2026","gfyhg","TS-III Analog Upgradable","60.000841V","Power source assembly frame with VGA-TS III","","","","1","Replacement Pending from BLT","",""
"1127","28 Jul 2026","gfyhg","TS-III Analog Upgradable","60.000841V","Power source assembly frame with VGA-TS III","","","","1","Replacement Pending from BLT","",""
"1128","28 Jul 2026","gfyhg","TS-III Analog Upgradable","60.000841V","Power source assembly frame with VGA-TS III","","","","1","Replacement Pending from BLT","",""
"1129","28 Jul 2026","gfyhg","TS-III Analog Upgradable","60.000841V","Power source assembly frame with VGA-TS III","","","","1","Replacement Pending from BLT","",""
"1130","28 Jul 2026","gfyhg","TS-III Analog Upgradable","60.000841V","Power source assembly frame with VGA-TS III","","","","1","Replacement Pending from BLT","",""
"1131","28 Jul 2026","gfyhg","TS-III Analog Upgradable","60.000841V","Power source assembly frame with VGA-TS III","","","","1","Replacement Pending from BLT","",""
"1132","28 Jul 2026","gfyhg","TS-III Analog Upgradable","60.000841V","Power source assembly frame with VGA-TS III","","","","1","Replacement Pending from BLT","",""
"1133","28 Jul 2026","gfyhg","TS-III Analog Upgradable","60.000841V","Power source assembly frame with VGA-TS III","","","","1","Replacement Pending from BLT","",""
"1134","28 Jul 2026","gfyhg","TS-III Analog Upgradable","60.000841V","Power source assembly frame with VGA-TS III","","","","1","Replacement Pending from BLT","",""
"1135","28 Jul 2026","gfyhg","TS-III Analog Upgradable","60.000841V","Power source assembly frame with VGA-TS III","","","","1","Replacement Pending from BLT","",""
"1136","28 Jul 2026","gfyhg","TS-III Analog Upgradable","60.000841V","Power source assembly frame with VGA-TS III","","","","1","Replacement Pending from BLT","",""
"1137","28 Jul 2026","gfyhg","TS-III Analog Upgradable","60.000841V","Power source assembly frame with VGA-TS III","","","","1","Replacement Pending from BLT","",""
"1138","28 Jul 2026","gfyhg","TS-III Analog Upgradable","60.000841V","Power source assembly frame with VGA-TS III","","","","1","Replacement Pending from BLT","",""
"1139","28 Jul 2026","gfyhg","TS-III Analog Upgradable","60.000841V","Power source assembly frame with VGA-TS III","","","","1","Replacement Pending from BLT","",""
"1140","28 Jul 2026","gfyhg","TS-III Analog Upgradable","60.000841V","Power source assembly frame with VGA-TS III","","","","1","Replacement Pending from BLT","",""
"1141","28 Jul 2026","gfyhg","TS-III Analog Upgradable","60.000841V","Power source assembly frame with VGA-TS III","","","","1","Replacement Pending from BLT","",""
"1142","28 Jul 2026","gfyhg","TS-III Analog Upgradable","60.000841V","Power source assembly frame with VGA-TS III","","","","1","Replacement Pending from BLT","",""
"1143","28 Jul 2026","gfyhg","TS-III Analog Upgradable","60.000841V","Power source assembly frame with VGA-TS III","","","","1","Replacement Pending from BLT","",""
"1144","28 Jul 2026","gfyhg","TS-III Analog Upgradable","60.000841V","Power source assembly frame with VGA-TS III","","","","1","Replacement Pending from BLT","",""
"1145","28 Jul 2026","gfyhg","TS-III Analog Upgradable","60.000841V","Power source assembly frame with VGA-TS III","","","","1","Replacement Pending from BLT","",""
"1146","28 Jul 2026","gfyhg","TS-III Analog Upgradable","60.000841V","Power source assembly frame with VGA-TS III","","","","1","Replacement Pending from BLT","",""
"1147","28 Jul 2026","gfyhg","TS-III Analog Upgradable","60.000841V","Power source assembly frame with VGA-TS III","","","","1","Replacement Pending from BLT","",""
"1148","28 Jul 2026","gfyhg","TS-III Analog Upgradable","60.000841V","Power source assembly frame with VGA-TS III","","","","1","Replacement Pending from BLT","",""
"1149","28 Jul 2026","gfyhg","TS-III Analog Upgradable","60.000841V","Power source assembly frame with VGA-TS III","","","","1","Replacement Pending from BLT","",""
"1150","28 Jul 2026","gfyhg","TS-III Analog Upgradable","60.000841V","Power source assembly frame with VGA-TS III","","","","1","Replacement Pending from BLT","",""
"1151","28 Jul 2026","gfyhg","TS-III Analog Upgradable","60.000841V","Power source assembly frame with VGA-TS III","","","","1","Replacement Pending from BLT","",""
"1152","28 Jul 2026","gfyhg","TS-III Analog Upgradable","60.000841V","Power source assembly frame with VGA-TS III","","","","1","Replacement Pending from BLT","",""
"1153","28 Jul 2026","gfyhg","TS-III Analog Upgradable","60.000841V","Power source assembly frame with VGA-TS III","","","","1","Replacement Pending from BLT","",""
"1154","28 Jul 2026","gfyhg","TS-III Analog Upgradable","60.000841V","Power source assembly frame with VGA-TS III","","","","1","Replacement Pending from BLT","",""
"1155","28 Jul 2026","gfyhg","TS-III Analog Upgradable","60.000841V","Power source assembly frame with VGA-TS III","","","","1","Replacement Pending from BLT","",""
"1156","28 Jul 2026","gfyhg","TS-III Analog Upgradable","60.000841V","Power source assembly frame with VGA-TS III","","","","1","Replacement Pending from BLT","",""
"1157","28 Jul 2026","gfyhg","TS-III Analog Upgradable","60.000841V","Power source assembly frame with VGA-TS III","","","","1","Replacement Pending from BLT","",""
"1158","28 Jul 2026","gfyhg","TS-III Analog Upgradable","60.000841V","Power source assembly frame with VGA-TS III","","","","1","Replacement Pending from BLT","",""
"1159","28 Jul 2026","gfyhg","TS-III Analog Upgradable","60.000841V","Power source assembly frame with VGA-TS III","","","","1","Replacement Pending from BLT","",""
"1160","28 Jul 2026","gfyhg","TS-III Analog Upgradable","60.000841V","Power source assembly frame with VGA-TS III","","","","1","Replacement Pending from BLT","",""
"1161","28 Jul 2026","gfyhg","TS-III Analog Upgradable","60.000841V","Power source assembly frame with VGA-TS III","","","","1","Replacement Pending from BLT","",""
"1162","28 Jul 2026","gfyhg","TS-III Analog Upgradable","60.000841V","Power source assembly frame with VGA-TS III","","","","1","Replacement Pending from BLT","",""
"1163","28 Jul 2026","gfyhg","TS-III Analog Upgradable","60.000841V","Power source assembly frame with VGA-TS III","","","","1","Replacement Pending from BLT","",""
"1164","28 Jul 2026","gfyhg","TS-III Analog Upgradable","60.000841V","Power source assembly frame with VGA-TS III","","","","1","Replacement Pending from BLT","",""
"1165","28 Jul 2026","gfyhg","TS-III Analog Upgradable","60.000841V","Power source assembly frame with VGA-TS III","","","","1","Replacement Pending from BLT","",""
"1166","28 Jul 2026","gfyhg","TS-III Analog Upgradable","60.000841V","Power source assembly frame with VGA-TS III","","","","1","Replacement Pending from BLT","",""
"1167","28 Jul 2026","gfyhg","TS-III Analog Upgradable","60.000841V","Power source assembly frame with VGA-TS III","","","","1","Replacement Pending from BLT","",""
"1168","28 Jul 2026","gfyhg","TS-III Analog Upgradable","60.000841V","Power source assembly frame with VGA-TS III","","","","1","Replacement Pending from BLT","",""
"1169","28 Jul 2026","gfyhg","TS-III Analog Upgradable","60.000841V","Power source assembly frame with VGA-TS III","","","","1","Replacement Pending from BLT","",""
"1170","28 Jul 2026","gfyhg","TS-III Analog Upgradable","60.000841V","Power source assembly frame with VGA-TS III","","","","1","Replacement Pending from BLT","",""
"1171","28 Jul 2026","gfyhg","TS-III Analog Upgradable","60.000841V","Power source assembly frame with VGA-TS III","","","","1","Replacement Pending from BLT","",""
"1172","28 Jul 2026","gfyhg","TS-III Analog Upgradable","60.000841V","Power source assembly frame with VGA-TS III","","","","1","Replacement Pending from BLT","",""
"1173","28 Jul 2026","gfyhg","TS-III Analog Upgradable","60.000841V","Power source assembly frame with VGA-TS III","","","","1","Replacement Pending from BLT","",""
"1174","28 Jul 2026","gfyhg","TS-III Analog Upgradable","60.000841V","Power source assembly frame with VGA-TS III","","","","1","Replacement Pending from BLT","",""
"1175","28 Jul 2026","gfyhg","TS-III Analog Upgradable","60.000841V","Power source assembly frame with VGA-TS III","","","","1","Replacement Pending from BLT","",""
"1176","28 Jul 2026","gfyhg","TS-III Analog Upgradable","60.000841V","Power source assembly frame with VGA-TS III","","","","1","Replacement Pending from BLT","",""
"1177","28 Jul 2026","gfyhg","TS-III Analog Upgradable","60.000841V","Power source assembly frame with VGA-TS III","","","","1","Replacement Pending from BLT","",""
"1178","28 Jul 2026","gfyhg","TS-III Analog Upgradable","60.000841V","Power source assembly frame with VGA-TS III","","","","1","Replacement Pending from BLT","",""
"1179","28 Jul 2026","gfyhg","TS-III Analog Upgradable","60.000841V","Power source assembly frame with VGA-TS III","","","","1","Replacement Pending from BLT","",""
"1180","28 Jul 2026","gfyhg","TS-III Analog Upgradable","60.000841V","Power source assembly frame with VGA-TS III","","","","1","Replacement Pending from BLT","",""
"1181","28 Jul 2026","gfyhg","TS-III Analog Upgradable","60.000841V","Power source assembly frame with VGA-TS III","","","","1","Replacement Pending from BLT","",""
"1182","28 Jul 2026","gfyhg","TS-III Analog Upgradable","60.000841V","Power source assembly frame with VGA-TS III","","","","1","Replacement Pending from BLT","",""
"1183","28 Jul 2026","gfyhg","TS-III Analog Upgradable","60.000841V","Power source assembly frame with VGA-TS III","","","","1","Replacement Pending from BLT","",""
"1184","28 Jul 2026","gfyhg","TS-III Analog Upgradable","60.000841V","Power source assembly frame with VGA-TS III","","","","1","Replacement Pending from BLT","",""
"1185","28 Jul 2026","gfyhg","TS-III Analog Upgradable","60.000841V","Power source assembly frame with VGA-TS III","","","","1","Replacement Pending from BLT","",""
"1186","28 Jul 2026","gfyhg","TS-III Analog Upgradable","60.000841V","Power source assembly frame with VGA-TS III","","","","1","Replacement Pending from BLT","",""
"1187","28 Jul 2026","gfyhg","TS-III Analog Upgradable","60.000841V","Power source assembly frame with VGA-TS III","","","","1","Replacement Pending from BLT","",""
"1188","28 Jul 2026","gfyhg","TS-III Analog Upgradable","60.000841V","Power source assembly frame with VGA-TS III","","","","1","Replacement Pending from BLT","",""
"1189","28 Jul 2026","gfyhg","TS-III Analog Upgradable","60.000841V","Power source assembly frame with VGA-TS III","","","","1","Replacement Pending from BLT","",""
"1190","28 Jul 2026","gfyhg","TS-III Analog Upgradable","60.000841V","Power source assembly frame with VGA-TS III","","","","1","Replacement Pending from BLT","",""
"1191","28 Jul 2026","gfyhg","TS-III Analog Upgradable","60.000841V","Power source assembly frame with VGA-TS III","","","","1","Replacement Pending from BLT","",""
"1192","28 Jul 2026","gfyhg","TS-III Analog Upgradable","60.000841V","Power source assembly frame with VGA-TS III","","","","1","Replacement Pending from BLT","",""
"1193","28 Jul 2026","gfyhg","TS-III Analog Upgradable","60.000841V","Power source assembly frame with VGA-TS III","","","","1","Replacement Pending from BLT","",""
"1194","28 Jul 2026","gfyhg","TS-III Analog Upgradable","60.000841V","Power source assembly frame with VGA-TS III","","","","1","Replacement Pending from BLT","",""
"1195","28 Jul 2026","gfyhg","TS-III Analog Upgradable","60.000841V","Power source assembly frame with VGA-TS III","","","","1","Replacement Pending from BLT","",""
"1196","28 Jul 2026","gfyhg","TS-III Analog Upgradable","60.000841V","Power source assembly frame with VGA-TS III","","","","1","Replacement Pending from BLT","",""
"1197","28 Jul 2026","gfyhg","TS-III Analog Upgradable","60.000841V","Power source assembly frame with VGA-TS III","","","","1","Replacement Pending from BLT","",""
"1198","28 Jul 2026","gfyhg","TS-III Analog Upgradable","60.000841V","Power source assembly frame with VGA-TS III","","","","1","Replacement Pending from BLT","",""
"1199","28 Jul 2026","gfyhg","TS-III Analog Upgradable","60.000841V","Power source assembly frame with VGA-TS III","","","","1","Replacement Pending from BLT","",""
"1200","28 Jul 2026","gfyhg","TS-III Analog Upgradable","60.000843A","MB350 arm board assembly-TS III","","","","1","Replacement Pending from BLT","",""
"1201","28 Jul 2026","gfyhg","TS-III Analog Upgradable","60.000843A","MB350 arm board assembly-TS III","","","","1","Replacement Pending from BLT","",""
"1202","28 Jul 2026","gfyhg","TS-III Analog Upgradable","60.000843A","MB350 arm board assembly-TS III","","","","1","Replacement Pending from BLT","",""
"1203","28 Jul 2026","gfyhg","TS-III Analog Upgradable","60.000843A","MB350 arm board assembly-TS III","","","","1","Replacement Pending from BLT","",""
"1204","28 Jul 2026","gfyhg","TS-III Analog Upgradable","60.000843A","MB350 arm board assembly-TS III","","","","1","Replacement Pending from BLT","",""
"1205","28 Jul 2026","gfyhg","TS-III Analog Upgradable","60.000843A","MB350 arm board assembly-TS III","","","","1","Replacement Pending from BLT","",""
"1206","28 Jul 2026","gfyhg","TS-III Analog Upgradable","60.000843A","MB350 arm board assembly-TS III","","","","1","Replacement Pending from BLT","",""
"1207","28 Jul 2026","gfyhg","TS-III Analog Upgradable","60.000843A","MB350 arm board assembly-TS III","","","","1","Replacement Pending from BLT","",""
"1208","28 Jul 2026","gfyhg","TS-III Analog Upgradable","60.000843A","MB350 arm board assembly-TS III","","","","1","Replacement Pending from BLT","",""
"1209","28 Jul 2026","gfyhg","TS-III Analog Upgradable","60.000843A","MB350 arm board assembly-TS III","","","","1","Replacement Pending from BLT","",""
"1210","28 Jul 2026","gfyhg","TS-III Analog Upgradable","60.000843A","MB350 arm board assembly-TS III","","","","1","Replacement Pending from BLT","",""
"1211","28 Jul 2026","gfyhg","TS-III Analog Upgradable","60.000843A","MB350 arm board assembly-TS III","","","","1","Replacement Pending from BLT","",""
"1212","28 Jul 2026","gfyhg","TS-III Analog Upgradable","60.000843A","MB350 arm board assembly-TS III","","","","1","Replacement Pending from BLT","",""
"1213","28 Jul 2026","gfyhg","TS-III Analog Upgradable","60.000843A","MB350 arm board assembly-TS III","","","","1","Replacement Pending from BLT","",""
"1214","28 Jul 2026","gfyhg","TS-III Analog Upgradable","60.000843A","MB350 arm board assembly-TS III","","","","1","Replacement Pending from BLT","",""
"1215","28 Jul 2026","gfyhg","TS-III Analog Upgradable","60.000843A","MB350 arm board assembly-TS III","","","","1","Replacement Pending from BLT","",""
"1216","28 Jul 2026","gfyhg","TS-III Analog Upgradable","60.000843A","MB350 arm board assembly-TS III","","","","1","Replacement Pending from BLT","",""
"1217","28 Jul 2026","gfyhg","TS-III Analog Upgradable","60.000843A","MB350 arm board assembly-TS III","","","","1","Replacement Pending from BLT","",""
"1218","28 Jul 2026","gfyhg","TS-III Analog Upgradable","60.000843A","MB350 arm board assembly-TS III","","","","1","Replacement Pending from BLT","",""
"1219","28 Jul 2026","gfyhg","TS-III Analog Upgradable","60.000843A","MB350 arm board assembly-TS III","","","","1","Replacement Pending from BLT","",""
"1220","28 Jul 2026","gfyhg","TS-III Analog Upgradable","60.000843A","MB350 arm board assembly-TS III","","","","1","Replacement Pending from BLT","",""
"1221","28 Jul 2026","gfyhg","TS-III Analog Upgradable","60.000843A","MB350 arm board assembly-TS III","","","","1","Replacement Pending from BLT","",""
"1222","28 Jul 2026","gfyhg","TS-III Analog Upgradable","60.000843A","MB350 arm board assembly-TS III","","","","1","Replacement Pending from BLT","",""
"1223","28 Jul 2026","gfyhg","TS-III Analog Upgradable","60.000843A","MB350 arm board assembly-TS III","","","","1","Replacement Pending from BLT","",""
"1224","28 Jul 2026","gfyhg","TS-III Analog Upgradable","60.000843A","MB350 arm board assembly-TS III","","","","1","Replacement Pending from BLT","",""
"1225","28 Jul 2026","gfyhg","TS-III Analog Upgradable","60.000843A","MB350 arm board assembly-TS III","","","","1","Replacement Pending from BLT","",""
"1226","28 Jul 2026","gfyhg","TS-III Analog Upgradable","60.000843A","MB350 arm board assembly-TS III","","","","1","Replacement Pending from BLT","",""
"1227","28 Jul 2026","gfyhg","TS-III Analog Upgradable","60.000843A","MB350 arm board assembly-TS III","","","","1","Replacement Pending from BLT","",""
"1228","28 Jul 2026","gfyhg","TS-III Analog Upgradable","60.000843A","MB350 arm board assembly-TS III","","","","1","Replacement Pending from BLT","",""
"1229","28 Jul 2026","gfyhg","TS-III Analog Upgradable","60.000843A","MB350 arm board assembly-TS III","","","","1","Replacement Pending from BLT","",""
"1230","28 Jul 2026","gfyhg","TS-III Analog Upgradable","60.000843A","MB350 arm board assembly-TS III","","","","1","Replacement Pending from BLT","",""
"1231","28 Jul 2026","gfyhg","TS-III Analog Upgradable","60.000843A","MB350 arm board assembly-TS III","","","","1","Replacement Pending from BLT","",""
"1232","28 Jul 2026","gfyhg","TS-III Analog Upgradable","60.000843A","MB350 arm board assembly-TS III","","","","1","Replacement Pending from BLT","",""
"1233","28 Jul 2026","gfyhg","TS-III Analog Upgradable","60.000843A","MB350 arm board assembly-TS III","","","","1","Replacement Pending from BLT","",""
"1234","28 Jul 2026","gfyhg","TS-III Analog Upgradable","60.000843A","MB350 arm board assembly-TS III","","","","1","Replacement Pending from BLT","",""
"1235","28 Jul 2026","gfyhg","TS-III Analog Upgradable","60.000843A","MB350 arm board assembly-TS III","","","","1","Replacement Pending from BLT","",""
"1236","28 Jul 2026","gfyhg","TS-III Analog Upgradable","60.000843A","MB350 arm board assembly-TS III","","","","1","Replacement Pending from BLT","",""
"1237","28 Jul 2026","gfyhg","TS-III Analog Upgradable","60.000843A","MB350 arm board assembly-TS III","","","","1","Replacement Pending from BLT","",""
"1238","28 Jul 2026","gfyhg","TS-III Analog Upgradable","60.000843A","MB350 arm board assembly-TS III","","","","1","Replacement Pending from BLT","",""
"1239","28 Jul 2026","gfyhg","TS-III Analog Upgradable","60.000843A","MB350 arm board assembly-TS III","","","","1","Replacement Pending from BLT","",""
"1240","28 Jul 2026","gfyhg","TS-III Analog Upgradable","60.000843A","MB350 arm board assembly-TS III","","","","1","Replacement Pending from BLT","",""
"1241","28 Jul 2026","gfyhg","TS-III Analog Upgradable","60.000843A","MB350 arm board assembly-TS III","","","","1","Replacement Pending from BLT","",""
"1242","28 Jul 2026","gfyhg","TS-III Analog Upgradable","60.000843A","MB350 arm board assembly-TS III","","","","1","Replacement Pending from BLT","",""
"1243","28 Jul 2026","gfyhg","TS-III Analog Upgradable","60.000843A","MB350 arm board assembly-TS III","","","","1","Replacement Pending from BLT","",""
"1244","28 Jul 2026","gfyhg","TS-III Analog Upgradable","60.000843A","MB350 arm board assembly-TS III","","","","1","Replacement Pending from BLT","",""
"1245","28 Jul 2026","gfyhg","TS-III Analog Upgradable","60.000843A","MB350 arm board assembly-TS III","","","","1","Replacement Pending from BLT","",""
"1246","28 Jul 2026","gfyhg","TS-III Analog Upgradable","60.000843A","MB350 arm board assembly-TS III","","","","1","Replacement Pending from BLT","",""
"1247","28 Jul 2026","gfyhg","TS-III Analog Upgradable","60.000843A","MB350 arm board assembly-TS III","","","","1","Replacement Pending from BLT","",""
"1248","28 Jul 2026","gfyhg","TS-III Analog Upgradable","60.000843A","MB350 arm board assembly-TS III","","","","1","Replacement Pending from BLT","",""
"1249","28 Jul 2026","gfyhg","TS-III Analog Upgradable","60.000843A","MB350 arm board assembly-TS III","","","","1","Replacement Pending from BLT","",""
"1250","28 Jul 2026","gfyhg","TS-III Analog Upgradable","60.000843A","MB350 arm board assembly-TS III","","","","1","Replacement Pending from BLT","",""
"1251","28 Jul 2026","gfyhg","TS-III Analog Upgradable","60.000843A","MB350 arm board assembly-TS III","","","","1","Replacement Pending from BLT","",""
"1252","28 Jul 2026","gfyhg","TS-III Analog Upgradable","60.000843A","MB350 arm board assembly-TS III","","","","1","Replacement Pending from BLT","",""
"1253","28 Jul 2026","gfyhg","TS-III Analog Upgradable","60.000843A","MB350 arm board assembly-TS III","","","","1","Replacement Pending from BLT","",""
"1254","28 Jul 2026","gfyhg","TS-III Analog Upgradable","60.000843A","MB350 arm board assembly-TS III","","","","1","Replacement Pending from BLT","",""
"1255","28 Jul 2026","gfyhg","TS-III Analog Upgradable","60.000843A","MB350 arm board assembly-TS III","","","","1","Replacement Pending from BLT","",""
"1256","28 Jul 2026","gfyhg","TS-III Analog Upgradable","60.000843A","MB350 arm board assembly-TS III","","","","1","Replacement Pending from BLT","",""
"1257","28 Jul 2026","gfyhg","TS-III Analog Upgradable","60.000843A","MB350 arm board assembly-TS III","","","","1","Replacement Pending from BLT","",""
"1258","28 Jul 2026","gfyhg","TS-III Analog Upgradable","60.000843A","MB350 arm board assembly-TS III","","","","1","Replacement Pending from BLT","",""
"1259","28 Jul 2026","gfyhg","TS-III Analog Upgradable","60.000843A","MB350 arm board assembly-TS III","","","","1","Replacement Pending from BLT","",""
"1260","28 Jul 2026","gfyhg","TS-III Analog Upgradable","60.000843A","MB350 arm board assembly-TS III","","","","1","Replacement Pending from BLT","",""
"1261","28 Jul 2026","gfyhg","TS-III Analog Upgradable","60.000843A","MB350 arm board assembly-TS III","","","","1","Replacement Pending from BLT","",""
"1262","28 Jul 2026","gfyhg","TS-III Analog Upgradable","60.000843A","MB350 arm board assembly-TS III","","","","1","Replacement Pending from BLT","",""
"1263","28 Jul 2026","gfyhg","TS-III Analog Upgradable","60.000843A","MB350 arm board assembly-TS III","","","","1","Replacement Pending from BLT","",""
"1264","28 Jul 2026","gfyhg","TS-III Analog Upgradable","60.000843A","MB350 arm board assembly-TS III","","","","1","Replacement Pending from BLT","",""
"1265","28 Jul 2026","gfyhg","TS-III Analog Upgradable","60.000843A","MB350 arm board assembly-TS III","","","","1","Replacement Pending from BLT","",""
"1266","28 Jul 2026","gfyhg","TS-III Analog Upgradable","60.000843A","MB350 arm board assembly-TS III","","","","1","Replacement Pending from BLT","",""
"1267","28 Jul 2026","gfyhg","TS-III Analog Upgradable","60.000843A","MB350 arm board assembly-TS III","","","","1","Replacement Pending from BLT","",""
"1268","28 Jul 2026","gfyhg","TS-III Analog Upgradable","60.000843A","MB350 arm board assembly-TS III","","","","1","Replacement Pending from BLT","",""
"1269","28 Jul 2026","gfyhg","TS-III Analog Upgradable","60.000843A","MB350 arm board assembly-TS III","","","","1","Replacement Pending from BLT","",""
"1270","28 Jul 2026","gfyhg","TS-III Analog Upgradable","60.000843A","MB350 arm board assembly-TS III","","","","1","Replacement Pending from BLT","",""
"1271","28 Jul 2026","gfyhg","TS-III Analog Upgradable","60.000843A","MB350 arm board assembly-TS III","","","","1","Replacement Pending from BLT","",""
"1272","28 Jul 2026","gfyhg","TS-III Analog Upgradable","60.000843A","MB350 arm board assembly-TS III","","","","1","Replacement Pending from BLT","",""
"1273","28 Jul 2026","gfyhg","TS-III Analog Upgradable","60.000843A","MB350 arm board assembly-TS III","","","","1","Replacement Pending from BLT","",""
"1274","28 Jul 2026","gfyhg","TS-III Analog Upgradable","60.000843A","MB350 arm board assembly-TS III","","","","1","Replacement Pending from BLT","",""
"1275","28 Jul 2026","gfyhg","TS-III Analog Upgradable","60.000843A","MB350 arm board assembly-TS III","","","","1","Replacement Pending from BLT","",""
"1276","28 Jul 2026","gfyhg","TS-III Analog Upgradable","60.000843A","MB350 arm board assembly-TS III","","","","1","Replacement Pending from BLT","",""
"1277","28 Jul 2026","gfyhg","TS-III Analog Upgradable","60.000843A","MB350 arm board assembly-TS III","","","","1","Replacement Pending from BLT","",""
"1278","28 Jul 2026","gfyhg","TS-III Analog Upgradable","60.000843A","MB350 arm board assembly-TS III","","","","1","Replacement Pending from BLT","",""
"1279","28 Jul 2026","gfyhg","TS-III Analog Upgradable","60.000843A","MB350 arm board assembly-TS III","","","","1","Replacement Pending from BLT","",""
"1280","28 Jul 2026","gfyhg","TS-III Analog Upgradable","60.000843A","MB350 arm board assembly-TS III","","","","1","Replacement Pending from BLT","",""
"1281","28 Jul 2026","gfyhg","TS-III Analog Upgradable","60.000843A","MB350 arm board assembly-TS III","","","","1","Replacement Pending from BLT","",""
"1282","28 Jul 2026","gfyhg","TS-III Analog Upgradable","60.000843A","MB350 arm board assembly-TS III","","","","1","Replacement Pending from BLT","",""
"1283","28 Jul 2026","gfyhg","TS-III Analog Upgradable","60.000843A","MB350 arm board assembly-TS III","","","","1","Replacement Pending from BLT","",""
"1284","28 Jul 2026","gfyhg","TS-III Analog Upgradable","60.000843A","MB350 arm board assembly-TS III","","","","1","Replacement Pending from BLT","",""
"1285","28 Jul 2026","gfyhg","TS-III Analog Upgradable","60.000843A","MB350 arm board assembly-TS III","","","","1","Replacement Pending from BLT","",""
"1286","28 Jul 2026","gfyhg","TS-III Analog Upgradable","60.000843A","MB350 arm board assembly-TS III","","","","1","Replacement Pending from BLT","",""
"1287","28 Jul 2026","gfyhg","TS-III Analog Upgradable","60.000843A","MB350 arm board assembly-TS III","","","","1","Replacement Pending from BLT","",""
"1288","28 Jul 2026","gfyhg","TS-III Analog Upgradable","60.000843A","MB350 arm board assembly-TS III","","","","1","Replacement Pending from BLT","",""
"1289","28 Jul 2026","gfyhg","TS-III Analog Upgradable","60.000843A","MB350 arm board assembly-TS III","","","","1","Replacement Pending from BLT","",""
"1290","28 Jul 2026","gfyhg","TS-III Analog Upgradable","60.000843A","MB350 arm board assembly-TS III","","","","1","Replacement Pending from BLT","",""
"1291","28 Jul 2026","gfyhg","TS-III Analog Upgradable","60.000843A","MB350 arm board assembly-TS III","","","","1","Replacement Pending from BLT","",""
"1292","28 Jul 2026","gfyhg","TS-III Analog Upgradable","60.000843A","MB350 arm board assembly-TS III","","","","1","Replacement Pending from BLT","",""
"1293","28 Jul 2026","gfyhg","TS-III Analog Upgradable","60.000843A","MB350 arm board assembly-TS III","","","","1","Replacement Pending from BLT","",""
"1294","28 Jul 2026","gfyhg","TS-III Analog Upgradable","60.000843A","MB350 arm board assembly-TS III","","","","1","Replacement Pending from BLT","",""
"1295","28 Jul 2026","gfyhg","TS-III Analog Upgradable","60.000843A","MB350 arm board assembly-TS III","","","","1","Replacement Pending from BLT","",""
"1296","28 Jul 2026","gfyhg","TS-III Analog Upgradable","60.000843A","MB350 arm board assembly-TS III","","","","1","Replacement Pending from BLT","",""
"1297","28 Jul 2026","gfyhg","TS-III Analog Upgradable","60.000843A","MB350 arm board assembly-TS III","","","","1","Replacement Pending from BLT","",""
"1298","28 Jul 2026","gfyhg","TS-III Analog Upgradable","60.000843A","MB350 arm board assembly-TS III","","","","1","Replacement Pending from BLT","",""
"1299","28 Jul 2026","gfyhg","TS-III Analog Upgradable","60.000843A","MB350 arm board assembly-TS III","","","","1","Replacement Pending from BLT","",""
"1300","28 Jul 2026","gfyhg","TS-III Analog Upgradable","60.000854A","Back cabinet (cabinet assembly)-TS III","","","","1","Replacement Pending from BLT","",""
"1301","28 Jul 2026","gfyhg","TS-III Analog Upgradable","60.000854A","Back cabinet (cabinet assembly)-TS III","","","","1","Replacement Pending from BLT","",""
"1302","28 Jul 2026","gfyhg","TS-III Analog Upgradable","60.000854A","Back cabinet (cabinet assembly)-TS III","","","","1","Replacement Pending from BLT","",""
"1303","28 Jul 2026","gfyhg","TS-III Analog Upgradable","60.000854A","Back cabinet (cabinet assembly)-TS III","","","","1","Replacement Pending from BLT","",""
"1304","28 Jul 2026","gfyhg","TS-III Analog Upgradable","60.000854A","Back cabinet (cabinet assembly)-TS III","","","","1","Replacement Pending from BLT","",""
"1305","28 Jul 2026","gfyhg","TS-III Analog Upgradable","60.000854A","Back cabinet (cabinet assembly)-TS III","","","","1","Replacement Pending from BLT","",""
"1306","28 Jul 2026","gfyhg","TS-III Analog Upgradable","60.000854A","Back cabinet (cabinet assembly)-TS III","","","","1","Replacement Pending from BLT","",""
"1307","28 Jul 2026","gfyhg","TS-III Analog Upgradable","60.000854A","Back cabinet (cabinet assembly)-TS III","","","","1","Replacement Pending from BLT","",""
"1308","28 Jul 2026","gfyhg","TS-III Analog Upgradable","60.000854A","Back cabinet (cabinet assembly)-TS III","","","","1","Replacement Pending from BLT","",""
"1309","28 Jul 2026","gfyhg","TS-III Analog Upgradable","60.000854A","Back cabinet (cabinet assembly)-TS III","","","","1","Replacement Pending from BLT","",""
"1310","28 Jul 2026","gfyhg","TS-III Analog Upgradable","60.000854A","Back cabinet (cabinet assembly)-TS III","","","","1","Replacement Pending from BLT","",""
"1311","28 Jul 2026","gfyhg","TS-III Analog Upgradable","60.000854A","Back cabinet (cabinet assembly)-TS III","","","","1","Replacement Pending from BLT","",""
"1312","28 Jul 2026","gfyhg","TS-III Analog Upgradable","60.000854A","Back cabinet (cabinet assembly)-TS III","","","","1","Replacement Pending from BLT","",""
"1313","28 Jul 2026","gfyhg","TS-III Analog Upgradable","60.000854A","Back cabinet (cabinet assembly)-TS III","","","","1","Replacement Pending from BLT","",""
"1314","28 Jul 2026","gfyhg","TS-III Analog Upgradable","60.000854A","Back cabinet (cabinet assembly)-TS III","","","","1","Replacement Pending from BLT","",""
"1315","28 Jul 2026","gfyhg","TS-III Analog Upgradable","60.000854A","Back cabinet (cabinet assembly)-TS III","","","","1","Replacement Pending from BLT","",""
"1316","28 Jul 2026","gfyhg","TS-III Analog Upgradable","60.000854A","Back cabinet (cabinet assembly)-TS III","","","","1","Replacement Pending from BLT","",""
"1317","28 Jul 2026","gfyhg","TS-III Analog Upgradable","60.000854A","Back cabinet (cabinet assembly)-TS III","","","","1","Replacement Pending from BLT","",""
"1318","28 Jul 2026","gfyhg","TS-III Analog Upgradable","60.000854A","Back cabinet (cabinet assembly)-TS III","","","","1","Replacement Pending from BLT","",""
"1319","28 Jul 2026","gfyhg","TS-III Analog Upgradable","60.000854A","Back cabinet (cabinet assembly)-TS III","","","","1","Replacement Pending from BLT","",""
"1320","28 Jul 2026","gfyhg","TS-III Analog Upgradable","60.000854A","Back cabinet (cabinet assembly)-TS III","","","","1","Replacement Pending from BLT","",""
"1321","28 Jul 2026","gfyhg","TS-III Analog Upgradable","60.000854A","Back cabinet (cabinet assembly)-TS III","","","","1","Replacement Pending from BLT","",""
"1322","28 Jul 2026","gfyhg","TS-III Analog Upgradable","60.000854A","Back cabinet (cabinet assembly)-TS III","","","","1","Replacement Pending from BLT","",""
"1323","28 Jul 2026","gfyhg","TS-III Analog Upgradable","60.000854A","Back cabinet (cabinet assembly)-TS III","","","","1","Replacement Pending from BLT","",""
"1324","28 Jul 2026","gfyhg","TS-III Analog Upgradable","60.000854A","Back cabinet (cabinet assembly)-TS III","","","","1","Replacement Pending from BLT","",""
"1325","28 Jul 2026","gfyhg","TS-III Analog Upgradable","60.000854A","Back cabinet (cabinet assembly)-TS III","","","","1","Replacement Pending from BLT","",""
"1326","28 Jul 2026","gfyhg","TS-III Analog Upgradable","60.000854A","Back cabinet (cabinet assembly)-TS III","","","","1","Replacement Pending from BLT","",""
"1327","28 Jul 2026","gfyhg","TS-III Analog Upgradable","60.000854A","Back cabinet (cabinet assembly)-TS III","","","","1","Replacement Pending from BLT","",""
"1328","28 Jul 2026","gfyhg","TS-III Analog Upgradable","60.000854A","Back cabinet (cabinet assembly)-TS III","","","","1","Replacement Pending from BLT","",""
"1329","28 Jul 2026","gfyhg","TS-III Analog Upgradable","60.000854A","Back cabinet (cabinet assembly)-TS III","","","","1","Replacement Pending from BLT","",""
"1330","28 Jul 2026","gfyhg","TS-III Analog Upgradable","60.000854A","Back cabinet (cabinet assembly)-TS III","","","","1","Replacement Pending from BLT","",""
"1331","28 Jul 2026","gfyhg","TS-III Analog Upgradable","60.000854A","Back cabinet (cabinet assembly)-TS III","","","","1","Replacement Pending from BLT","",""
"1332","28 Jul 2026","gfyhg","TS-III Analog Upgradable","60.000854A","Back cabinet (cabinet assembly)-TS III","","","","1","Replacement Pending from BLT","",""
"1333","28 Jul 2026","gfyhg","TS-III Analog Upgradable","60.000854A","Back cabinet (cabinet assembly)-TS III","","","","1","Replacement Pending from BLT","",""
"1334","28 Jul 2026","gfyhg","TS-III Analog Upgradable","60.000854A","Back cabinet (cabinet assembly)-TS III","","","","1","Replacement Pending from BLT","",""
"1335","28 Jul 2026","gfyhg","TS-III Analog Upgradable","60.000854A","Back cabinet (cabinet assembly)-TS III","","","","1","Replacement Pending from BLT","",""
"1336","28 Jul 2026","gfyhg","TS-III Analog Upgradable","60.000854A","Back cabinet (cabinet assembly)-TS III","","","","1","Replacement Pending from BLT","",""
"1337","28 Jul 2026","gfyhg","TS-III Analog Upgradable","60.000854A","Back cabinet (cabinet assembly)-TS III","","","","1","Replacement Pending from BLT","",""
"1338","28 Jul 2026","gfyhg","TS-III Analog Upgradable","60.000854A","Back cabinet (cabinet assembly)-TS III","","","","1","Replacement Pending from BLT","",""
"1339","28 Jul 2026","gfyhg","TS-III Analog Upgradable","60.000854A","Back cabinet (cabinet assembly)-TS III","","","","1","Replacement Pending from BLT","",""
"1340","28 Jul 2026","gfyhg","TS-III Analog Upgradable","60.000854A","Back cabinet (cabinet assembly)-TS III","","","","1","Replacement Pending from BLT","",""
"1341","28 Jul 2026","gfyhg","TS-III Analog Upgradable","60.000854A","Back cabinet (cabinet assembly)-TS III","","","","1","Replacement Pending from BLT","",""
"1342","28 Jul 2026","gfyhg","TS-III Analog Upgradable","60.000854A","Back cabinet (cabinet assembly)-TS III","","","","1","Replacement Pending from BLT","",""
"1343","28 Jul 2026","gfyhg","TS-III Analog Upgradable","60.000854A","Back cabinet (cabinet assembly)-TS III","","","","1","Replacement Pending from BLT","",""
"1344","28 Jul 2026","gfyhg","TS-III Analog Upgradable","60.000854A","Back cabinet (cabinet assembly)-TS III","","","","1","Replacement Pending from BLT","",""
"1345","28 Jul 2026","gfyhg","TS-III Analog Upgradable","60.000854A","Back cabinet (cabinet assembly)-TS III","","","","1","Replacement Pending from BLT","",""
"1346","28 Jul 2026","gfyhg","TS-III Analog Upgradable","60.000854A","Back cabinet (cabinet assembly)-TS III","","","","1","Replacement Pending from BLT","",""
"1347","28 Jul 2026","gfyhg","TS-III Analog Upgradable","60.000854A","Back cabinet (cabinet assembly)-TS III","","","","1","Replacement Pending from BLT","",""
"1348","28 Jul 2026","gfyhg","TS-III Analog Upgradable","60.000854A","Back cabinet (cabinet assembly)-TS III","","","","1","Replacement Pending from BLT","",""
"1349","28 Jul 2026","gfyhg","TS-III Analog Upgradable","60.000854A","Back cabinet (cabinet assembly)-TS III","","","","1","Replacement Pending from BLT","",""
"1350","28 Jul 2026","gfyhg","TS-III Analog Upgradable","60.000854A","Back cabinet (cabinet assembly)-TS III","","","","1","Replacement Pending from BLT","",""
"1351","28 Jul 2026","gfyhg","TS-III Analog Upgradable","60.000854A","Back cabinet (cabinet assembly)-TS III","","","","1","Replacement Pending from BLT","",""
"1352","28 Jul 2026","gfyhg","TS-III Analog Upgradable","60.000854A","Back cabinet (cabinet assembly)-TS III","","","","1","Replacement Pending from BLT","",""
"1353","28 Jul 2026","gfyhg","TS-III Analog Upgradable","60.000854A","Back cabinet (cabinet assembly)-TS III","","","","1","Replacement Pending from BLT","",""
"1354","28 Jul 2026","gfyhg","TS-III Analog Upgradable","60.000854A","Back cabinet (cabinet assembly)-TS III","","","","1","Replacement Pending from BLT","",""
"1355","28 Jul 2026","gfyhg","TS-III Analog Upgradable","60.000854A","Back cabinet (cabinet assembly)-TS III","","","","1","Replacement Pending from BLT","",""
"1356","28 Jul 2026","gfyhg","TS-III Analog Upgradable","60.000854A","Back cabinet (cabinet assembly)-TS III","","","","1","Replacement Pending from BLT","",""
"1357","28 Jul 2026","gfyhg","TS-III Analog Upgradable","60.000854A","Back cabinet (cabinet assembly)-TS III","","","","1","Replacement Pending from BLT","",""
"1358","28 Jul 2026","gfyhg","TS-III Analog Upgradable","60.000854A","Back cabinet (cabinet assembly)-TS III","","","","1","Replacement Pending from BLT","",""
"1359","28 Jul 2026","gfyhg","TS-III Analog Upgradable","60.000854A","Back cabinet (cabinet assembly)-TS III","","","","1","Replacement Pending from BLT","",""
"1360","28 Jul 2026","gfyhg","TS-III Analog Upgradable","60.000854A","Back cabinet (cabinet assembly)-TS III","","","","1","Replacement Pending from BLT","",""
"1361","28 Jul 2026","gfyhg","TS-III Analog Upgradable","60.000854A","Back cabinet (cabinet assembly)-TS III","","","","1","Replacement Pending from BLT","",""
"1362","28 Jul 2026","gfyhg","TS-III Analog Upgradable","60.000854A","Back cabinet (cabinet assembly)-TS III","","","","1","Replacement Pending from BLT","",""
"1363","28 Jul 2026","gfyhg","TS-III Analog Upgradable","60.000854A","Back cabinet (cabinet assembly)-TS III","","","","1","Replacement Pending from BLT","",""
"1364","28 Jul 2026","gfyhg","TS-III Analog Upgradable","60.000854A","Back cabinet (cabinet assembly)-TS III","","","","1","Replacement Pending from BLT","",""
"1365","28 Jul 2026","gfyhg","TS-III Analog Upgradable","60.000854A","Back cabinet (cabinet assembly)-TS III","","","","1","Replacement Pending from BLT","",""
"1366","28 Jul 2026","gfyhg","TS-III Analog Upgradable","60.000854A","Back cabinet (cabinet assembly)-TS III","","","","1","Replacement Pending from BLT","",""
"1367","28 Jul 2026","gfyhg","TS-III Analog Upgradable","60.000854A","Back cabinet (cabinet assembly)-TS III","","","","1","Replacement Pending from BLT","",""
"1368","28 Jul 2026","gfyhg","TS-III Analog Upgradable","60.000854A","Back cabinet (cabinet assembly)-TS III","","","","1","Replacement Pending from BLT","",""
"1369","28 Jul 2026","gfyhg","TS-III Analog Upgradable","60.000854A","Back cabinet (cabinet assembly)-TS III","","","","1","Replacement Pending from BLT","",""
"1370","28 Jul 2026","gfyhg","TS-III Analog Upgradable","60.000854A","Back cabinet (cabinet assembly)-TS III","","","","1","Replacement Pending from BLT","",""
"1371","28 Jul 2026","gfyhg","TS-III Analog Upgradable","60.000854A","Back cabinet (cabinet assembly)-TS III","","","","1","Replacement Pending from BLT","",""
"1372","28 Jul 2026","gfyhg","TS-III Analog Upgradable","60.000854A","Back cabinet (cabinet assembly)-TS III","","","","1","Replacement Pending from BLT","",""
"1373","28 Jul 2026","gfyhg","TS-III Analog Upgradable","60.000854A","Back cabinet (cabinet assembly)-TS III","","","","1","Replacement Pending from BLT","",""
"1374","28 Jul 2026","gfyhg","TS-III Analog Upgradable","60.000854A","Back cabinet (cabinet assembly)-TS III","","","","1","Replacement Pending from BLT","",""
"1375","28 Jul 2026","gfyhg","TS-III Analog Upgradable","60.000854A","Back cabinet (cabinet assembly)-TS III","","","","1","Replacement Pending from BLT","",""
"1376","28 Jul 2026","gfyhg","TS-III Analog Upgradable","60.000854A","Back cabinet (cabinet assembly)-TS III","","","","1","Replacement Pending from BLT","",""
"1377","28 Jul 2026","gfyhg","TS-III Analog Upgradable","60.000854A","Back cabinet (cabinet assembly)-TS III","","","","1","Replacement Pending from BLT","",""
"1378","28 Jul 2026","gfyhg","TS-III Analog Upgradable","60.000854A","Back cabinet (cabinet assembly)-TS III","","","","1","Replacement Pending from BLT","",""
"1379","28 Jul 2026","gfyhg","TS-III Analog Upgradable","60.000854A","Back cabinet (cabinet assembly)-TS III","","","","1","Replacement Pending from BLT","",""
"1380","28 Jul 2026","gfyhg","TS-III Analog Upgradable","60.000854A","Back cabinet (cabinet assembly)-TS III","","","","1","Replacement Pending from BLT","",""
"1381","28 Jul 2026","gfyhg","TS-III Analog Upgradable","60.000854A","Back cabinet (cabinet assembly)-TS III","","","","1","Replacement Pending from BLT","",""
"1382","28 Jul 2026","gfyhg","TS-III Analog Upgradable","60.000854A","Back cabinet (cabinet assembly)-TS III","","","","1","Replacement Pending from BLT","",""
"1383","28 Jul 2026","gfyhg","TS-III Analog Upgradable","60.000854A","Back cabinet (cabinet assembly)-TS III","","","","1","Replacement Pending from BLT","",""
"1384","28 Jul 2026","gfyhg","TS-III Analog Upgradable","60.000854A","Back cabinet (cabinet assembly)-TS III","","","","1","Replacement Pending from BLT","",""
"1385","28 Jul 2026","gfyhg","TS-III Analog Upgradable","60.000854A","Back cabinet (cabinet assembly)-TS III","","","","1","Replacement Pending from BLT","",""
"1386","28 Jul 2026","gfyhg","TS-III Analog Upgradable","60.000854A","Back cabinet (cabinet assembly)-TS III","","","","1","Replacement Pending from BLT","",""
"1387","28 Jul 2026","gfyhg","TS-III Analog Upgradable","60.000854A","Back cabinet (cabinet assembly)-TS III","","","","1","Replacement Pending from BLT","",""
"1388","28 Jul 2026","gfyhg","TS-III Analog Upgradable","60.000854A","Back cabinet (cabinet assembly)-TS III","","","","1","Replacement Pending from BLT","",""
"1389","28 Jul 2026","gfyhg","TS-III Analog Upgradable","60.000854A","Back cabinet (cabinet assembly)-TS III","","","","1","Replacement Pending from BLT","",""
"1390","28 Jul 2026","gfyhg","TS-III Analog Upgradable","60.000854A","Back cabinet (cabinet assembly)-TS III","","","","1","Replacement Pending from BLT","",""
"1391","28 Jul 2026","gfyhg","TS-III Analog Upgradable","60.000854A","Back cabinet (cabinet assembly)-TS III","","","","1","Replacement Pending from BLT","",""
"1392","28 Jul 2026","gfyhg","TS-III Analog Upgradable","60.000854A","Back cabinet (cabinet assembly)-TS III","","","","1","Replacement Pending from BLT","",""
"1393","28 Jul 2026","gfyhg","TS-III Analog Upgradable","60.000854A","Back cabinet (cabinet assembly)-TS III","","","","1","Replacement Pending from BLT","",""
"1394","28 Jul 2026","gfyhg","TS-III Analog Upgradable","60.000854A","Back cabinet (cabinet assembly)-TS III","","","","1","Replacement Pending from BLT","",""
"1395","28 Jul 2026","gfyhg","TS-III Analog Upgradable","60.000854A","Back cabinet (cabinet assembly)-TS III","","","","1","Replacement Pending from BLT","",""
"1396","28 Jul 2026","gfyhg","TS-III Analog Upgradable","60.000854A","Back cabinet (cabinet assembly)-TS III","","","","1","Replacement Pending from BLT","",""
"1397","28 Jul 2026","gfyhg","TS-III Analog Upgradable","60.000854A","Back cabinet (cabinet assembly)-TS III","","","","1","Replacement Pending from BLT","",""
"1398","28 Jul 2026","gfyhg","TS-III Analog Upgradable","60.000854A","Back cabinet (cabinet assembly)-TS III","","","","1","Replacement Pending from BLT","",""
"1399","28 Jul 2026","gfyhg","TS-III Analog Upgradable","60.000854A","Back cabinet (cabinet assembly)-TS III","","","","1","Replacement Pending from BLT","",""
"1400","28 Jul 2026","gfyhg","TS-III Analog Upgradable","60.000857A","Analog Upgradable BM100A Module","","","","1","Replacement Pending from BLT","",""
"1401","28 Jul 2026","gfyhg","TS-III Analog Upgradable","60.000857A","Analog Upgradable BM100A Module","","","","1","Replacement Pending from BLT","",""
"1402","28 Jul 2026","gfyhg","TS-III Analog Upgradable","60.000857A","Analog Upgradable BM100A Module","","","","1","Replacement Pending from BLT","",""
"1403","28 Jul 2026","gfyhg","TS-III Analog Upgradable","60.000857A","Analog Upgradable BM100A Module","","","","1","Replacement Pending from BLT","",""
"1404","28 Jul 2026","gfyhg","TS-III Analog Upgradable","60.000857A","Analog Upgradable BM100A Module","","","","1","Replacement Pending from BLT","",""
"1405","28 Jul 2026","gfyhg","TS-III Analog Upgradable","60.000857A","Analog Upgradable BM100A Module","","","","1","Replacement Pending from BLT","",""
"1406","28 Jul 2026","gfyhg","TS-III Analog Upgradable","60.000857A","Analog Upgradable BM100A Module","","","","1","Replacement Pending from BLT","",""
"1407","28 Jul 2026","gfyhg","TS-III Analog Upgradable","60.000857A","Analog Upgradable BM100A Module","","","","1","Replacement Pending from BLT","",""
"1408","28 Jul 2026","gfyhg","TS-III Analog Upgradable","60.000857A","Analog Upgradable BM100A Module","","","","1","Replacement Pending from BLT","",""
"1409","28 Jul 2026","gfyhg","TS-III Analog Upgradable","60.000857A","Analog Upgradable BM100A Module","","","","1","Replacement Pending from BLT","",""
"1410","28 Jul 2026","gfyhg","TS-III Analog Upgradable","60.000857A","Analog Upgradable BM100A Module","","","","1","Replacement Pending from BLT","",""
"1411","28 Jul 2026","gfyhg","TS-III Analog Upgradable","60.000857A","Analog Upgradable BM100A Module","","","","1","Replacement Pending from BLT","",""
"1412","28 Jul 2026","gfyhg","TS-III Analog Upgradable","60.000857A","Analog Upgradable BM100A Module","","","","1","Replacement Pending from BLT","",""
"1413","28 Jul 2026","gfyhg","TS-III Analog Upgradable","60.000857A","Analog Upgradable BM100A Module","","","","1","Replacement Pending from BLT","",""
"1414","28 Jul 2026","gfyhg","TS-III Analog Upgradable","60.000857A","Analog Upgradable BM100A Module","","","","1","Replacement Pending from BLT","",""
"1415","28 Jul 2026","gfyhg","TS-III Analog Upgradable","60.000857A","Analog Upgradable BM100A Module","","","","1","Replacement Pending from BLT","",""
"1416","28 Jul 2026","gfyhg","TS-III Analog Upgradable","60.000857A","Analog Upgradable BM100A Module","","","","1","Replacement Pending from BLT","",""
"1417","28 Jul 2026","gfyhg","TS-III Analog Upgradable","60.000857A","Analog Upgradable BM100A Module","","","","1","Replacement Pending from BLT","",""
"1418","28 Jul 2026","gfyhg","TS-III Analog Upgradable","60.000857A","Analog Upgradable BM100A Module","","","","1","Replacement Pending from BLT","",""
"1419","28 Jul 2026","gfyhg","TS-III Analog Upgradable","60.000857A","Analog Upgradable BM100A Module","","","","1","Replacement Pending from BLT","",""
"1420","28 Jul 2026","gfyhg","TS-III Analog Upgradable","60.000857A","Analog Upgradable BM100A Module","","","","1","Replacement Pending from BLT","",""
"1421","28 Jul 2026","gfyhg","TS-III Analog Upgradable","60.000857A","Analog Upgradable BM100A Module","","","","1","Replacement Pending from BLT","",""
"1422","28 Jul 2026","gfyhg","TS-III Analog Upgradable","60.000857A","Analog Upgradable BM100A Module","","","","1","Replacement Pending from BLT","",""
"1423","28 Jul 2026","gfyhg","TS-III Analog Upgradable","60.000857A","Analog Upgradable BM100A Module","","","","1","Replacement Pending from BLT","",""
"1424","28 Jul 2026","gfyhg","TS-III Analog Upgradable","60.000857A","Analog Upgradable BM100A Module","","","","1","Replacement Pending from BLT","",""
"1425","28 Jul 2026","gfyhg","TS-III Analog Upgradable","60.000857A","Analog Upgradable BM100A Module","","","","1","Replacement Pending from BLT","",""
"1426","28 Jul 2026","gfyhg","TS-III Analog Upgradable","60.000857A","Analog Upgradable BM100A Module","","","","1","Replacement Pending from BLT","",""
"1427","28 Jul 2026","gfyhg","TS-III Analog Upgradable","60.000857A","Analog Upgradable BM100A Module","","","","1","Replacement Pending from BLT","",""
"1428","28 Jul 2026","gfyhg","TS-III Analog Upgradable","60.000857A","Analog Upgradable BM100A Module","","","","1","Replacement Pending from BLT","",""
"1429","28 Jul 2026","gfyhg","TS-III Analog Upgradable","60.000857A","Analog Upgradable BM100A Module","","","","1","Replacement Pending from BLT","",""
"1430","28 Jul 2026","gfyhg","TS-III Analog Upgradable","60.000857A","Analog Upgradable BM100A Module","","","","1","Replacement Pending from BLT","",""
"1431","28 Jul 2026","gfyhg","TS-III Analog Upgradable","60.000857A","Analog Upgradable BM100A Module","","","","1","Replacement Pending from BLT","",""
"1432","28 Jul 2026","gfyhg","TS-III Analog Upgradable","60.000857A","Analog Upgradable BM100A Module","","","","1","Replacement Pending from BLT","",""
"1433","28 Jul 2026","gfyhg","TS-III Analog Upgradable","60.000857A","Analog Upgradable BM100A Module","","","","1","Replacement Pending from BLT","",""
"1434","28 Jul 2026","gfyhg","TS-III Analog Upgradable","60.000857A","Analog Upgradable BM100A Module","","","","1","Replacement Pending from BLT","",""
"1435","28 Jul 2026","gfyhg","TS-III Analog Upgradable","60.000857A","Analog Upgradable BM100A Module","","","","1","Replacement Pending from BLT","",""
"1436","28 Jul 2026","gfyhg","TS-III Analog Upgradable","60.000857A","Analog Upgradable BM100A Module","","","","1","Replacement Pending from BLT","",""
"1437","28 Jul 2026","gfyhg","TS-III Analog Upgradable","60.000857A","Analog Upgradable BM100A Module","","","","1","Replacement Pending from BLT","",""
"1438","28 Jul 2026","gfyhg","TS-III Analog Upgradable","60.000857A","Analog Upgradable BM100A Module","","","","1","Replacement Pending from BLT","",""
"1439","28 Jul 2026","gfyhg","TS-III Analog Upgradable","60.000857A","Analog Upgradable BM100A Module","","","","1","Replacement Pending from BLT","",""
"1440","28 Jul 2026","gfyhg","TS-III Analog Upgradable","60.000857A","Analog Upgradable BM100A Module","","","","1","Replacement Pending from BLT","",""
"1441","28 Jul 2026","gfyhg","TS-III Analog Upgradable","60.000857A","Analog Upgradable BM100A Module","","","","1","Replacement Pending from BLT","",""
"1442","28 Jul 2026","gfyhg","TS-III Analog Upgradable","60.000857A","Analog Upgradable BM100A Module","","","","1","Replacement Pending from BLT","",""
"1443","28 Jul 2026","gfyhg","TS-III Analog Upgradable","60.000857A","Analog Upgradable BM100A Module","","","","1","Replacement Pending from BLT","",""
"1444","28 Jul 2026","gfyhg","TS-III Analog Upgradable","60.000857A","Analog Upgradable BM100A Module","","","","1","Replacement Pending from BLT","",""
"1445","28 Jul 2026","gfyhg","TS-III Analog Upgradable","60.000857A","Analog Upgradable BM100A Module","","","","1","Replacement Pending from BLT","",""
"1446","28 Jul 2026","gfyhg","TS-III Analog Upgradable","60.000857A","Analog Upgradable BM100A Module","","","","1","Replacement Pending from BLT","",""
"1447","28 Jul 2026","gfyhg","TS-III Analog Upgradable","60.000857A","Analog Upgradable BM100A Module","","","","1","Replacement Pending from BLT","",""
"1448","28 Jul 2026","gfyhg","TS-III Analog Upgradable","60.000857A","Analog Upgradable BM100A Module","","","","1","Replacement Pending from BLT","",""
"1449","28 Jul 2026","gfyhg","TS-III Analog Upgradable","60.000857A","Analog Upgradable BM100A Module","","","","1","Replacement Pending from BLT","",""
"1450","28 Jul 2026","gfyhg","TS-III Analog Upgradable","60.000857A","Analog Upgradable BM100A Module","","","","1","Replacement Pending from BLT","",""
"1451","28 Jul 2026","gfyhg","TS-III Analog Upgradable","60.000857A","Analog Upgradable BM100A Module","","","","1","Replacement Pending from BLT","",""
"1452","28 Jul 2026","gfyhg","TS-III Analog Upgradable","60.000857A","Analog Upgradable BM100A Module","","","","1","Replacement Pending from BLT","",""
"1453","28 Jul 2026","gfyhg","TS-III Analog Upgradable","60.000857A","Analog Upgradable BM100A Module","","","","1","Replacement Pending from BLT","",""
"1454","28 Jul 2026","gfyhg","TS-III Analog Upgradable","60.000857A","Analog Upgradable BM100A Module","","","","1","Replacement Pending from BLT","",""
"1455","28 Jul 2026","gfyhg","TS-III Analog Upgradable","60.000857A","Analog Upgradable BM100A Module","","","","1","Replacement Pending from BLT","",""
"1456","28 Jul 2026","gfyhg","TS-III Analog Upgradable","60.000857A","Analog Upgradable BM100A Module","","","","1","Replacement Pending from BLT","",""
"1457","28 Jul 2026","gfyhg","TS-III Analog Upgradable","60.000857A","Analog Upgradable BM100A Module","","","","1","Replacement Pending from BLT","",""
"1458","28 Jul 2026","gfyhg","TS-III Analog Upgradable","60.000857A","Analog Upgradable BM100A Module","","","","1","Replacement Pending from BLT","",""
"1459","28 Jul 2026","gfyhg","TS-III Analog Upgradable","60.000857A","Analog Upgradable BM100A Module","","","","1","Replacement Pending from BLT","",""
"1460","28 Jul 2026","gfyhg","TS-III Analog Upgradable","60.000857A","Analog Upgradable BM100A Module","","","","1","Replacement Pending from BLT","",""
"1461","28 Jul 2026","gfyhg","TS-III Analog Upgradable","60.000857A","Analog Upgradable BM100A Module","","","","1","Replacement Pending from BLT","",""
"1462","28 Jul 2026","gfyhg","TS-III Analog Upgradable","60.000857A","Analog Upgradable BM100A Module","","","","1","Replacement Pending from BLT","",""
"1463","28 Jul 2026","gfyhg","TS-III Analog Upgradable","60.000857A","Analog Upgradable BM100A Module","","","","1","Replacement Pending from BLT","",""
"1464","28 Jul 2026","gfyhg","TS-III Analog Upgradable","60.000857A","Analog Upgradable BM100A Module","","","","1","Replacement Pending from BLT","",""
"1465","28 Jul 2026","gfyhg","TS-III Analog Upgradable","60.000857A","Analog Upgradable BM100A Module","","","","1","Replacement Pending from BLT","",""
"1466","28 Jul 2026","gfyhg","TS-III Analog Upgradable","60.000857A","Analog Upgradable BM100A Module","","","","1","Replacement Pending from BLT","",""
"1467","28 Jul 2026","gfyhg","TS-III Analog Upgradable","60.000857A","Analog Upgradable BM100A Module","","","","1","Replacement Pending from BLT","",""
"1468","28 Jul 2026","gfyhg","TS-III Analog Upgradable","60.000857A","Analog Upgradable BM100A Module","","","","1","Replacement Pending from BLT","",""
"1469","28 Jul 2026","gfyhg","TS-III Analog Upgradable","60.000857A","Analog Upgradable BM100A Module","","","","1","Replacement Pending from BLT","",""
"1470","28 Jul 2026","gfyhg","TS-III Analog Upgradable","60.000857A","Analog Upgradable BM100A Module","","","","1","Replacement Pending from BLT","",""
"1471","28 Jul 2026","gfyhg","TS-III Analog Upgradable","60.000857A","Analog Upgradable BM100A Module","","","","1","Replacement Pending from BLT","",""
"1472","28 Jul 2026","gfyhg","TS-III Analog Upgradable","60.000857A","Analog Upgradable BM100A Module","","","","1","Replacement Pending from BLT","",""
"1473","28 Jul 2026","gfyhg","TS-III Analog Upgradable","60.000857A","Analog Upgradable BM100A Module","","","","1","Replacement Pending from BLT","",""
"1474","28 Jul 2026","gfyhg","TS-III Analog Upgradable","60.000857A","Analog Upgradable BM100A Module","","","","1","Replacement Pending from BLT","",""
"1475","28 Jul 2026","gfyhg","TS-III Analog Upgradable","60.000857A","Analog Upgradable BM100A Module","","","","1","Replacement Pending from BLT","",""
"1476","28 Jul 2026","gfyhg","TS-III Analog Upgradable","60.000857A","Analog Upgradable BM100A Module","","","","1","Replacement Pending from BLT","",""
"1477","28 Jul 2026","gfyhg","TS-III Analog Upgradable","60.000857A","Analog Upgradable BM100A Module","","","","1","Replacement Pending from BLT","",""
"1478","28 Jul 2026","gfyhg","TS-III Analog Upgradable","60.000857A","Analog Upgradable BM100A Module","","","","1","Replacement Pending from BLT","",""
"1479","28 Jul 2026","gfyhg","TS-III Analog Upgradable","60.000857A","Analog Upgradable BM100A Module","","","","1","Replacement Pending from BLT","",""
"1480","28 Jul 2026","gfyhg","TS-III Analog Upgradable","60.000857A","Analog Upgradable BM100A Module","","","","1","Replacement Pending from BLT","",""
"1481","28 Jul 2026","gfyhg","TS-III Analog Upgradable","60.000857A","Analog Upgradable BM100A Module","","","","1","Replacement Pending from BLT","",""
"1482","28 Jul 2026","gfyhg","TS-III Analog Upgradable","60.000857A","Analog Upgradable BM100A Module","","","","1","Replacement Pending from BLT","",""
"1483","28 Jul 2026","gfyhg","TS-III Analog Upgradable","60.000857A","Analog Upgradable BM100A Module","","","","1","Replacement Pending from BLT","",""
"1484","28 Jul 2026","gfyhg","TS-III Analog Upgradable","60.000857A","Analog Upgradable BM100A Module","","","","1","Replacement Pending from BLT","",""
"1485","28 Jul 2026","gfyhg","TS-III Analog Upgradable","60.000857A","Analog Upgradable BM100A Module","","","","1","Replacement Pending from BLT","",""
"1486","28 Jul 2026","gfyhg","TS-III Analog Upgradable","60.000857A","Analog Upgradable BM100A Module","","","","1","Replacement Pending from BLT","",""
"1487","28 Jul 2026","gfyhg","TS-III Analog Upgradable","60.000857A","Analog Upgradable BM100A Module","","","","1","Replacement Pending from BLT","",""
"1488","28 Jul 2026","gfyhg","TS-III Analog Upgradable","60.000857A","Analog Upgradable BM100A Module","","","","1","Replacement Pending from BLT","",""
"1489","28 Jul 2026","gfyhg","TS-III Analog Upgradable","60.000857A","Analog Upgradable BM100A Module","","","","1","Replacement Pending from BLT","",""
"1490","28 Jul 2026","gfyhg","TS-III Analog Upgradable","60.000857A","Analog Upgradable BM100A Module","","","","1","Replacement Pending from BLT","",""
"1491","28 Jul 2026","gfyhg","TS-III Analog Upgradable","60.000857A","Analog Upgradable BM100A Module","","","","1","Replacement Pending from BLT","",""
"1492","28 Jul 2026","gfyhg","TS-III Analog Upgradable","60.000857A","Analog Upgradable BM100A Module","","","","1","Replacement Pending from BLT","",""
"1493","28 Jul 2026","gfyhg","TS-III Analog Upgradable","60.000857A","Analog Upgradable BM100A Module","","","","1","Replacement Pending from BLT","",""
"1494","28 Jul 2026","gfyhg","TS-III Analog Upgradable","60.000857A","Analog Upgradable BM100A Module","","","","1","Replacement Pending from BLT","",""
"1495","28 Jul 2026","gfyhg","TS-III Analog Upgradable","60.000857A","Analog Upgradable BM100A Module","","","","1","Replacement Pending from BLT","",""
"1496","28 Jul 2026","gfyhg","TS-III Analog Upgradable","60.000857A","Analog Upgradable BM100A Module","","","","1","Replacement Pending from BLT","",""
"1497","28 Jul 2026","gfyhg","TS-III Analog Upgradable","60.000857A","Analog Upgradable BM100A Module","","","","1","Replacement Pending from BLT","",""
"1498","28 Jul 2026","gfyhg","TS-III Analog Upgradable","60.000857A","Analog Upgradable BM100A Module","","","","1","Replacement Pending from BLT","",""
"1499","28 Jul 2026","gfyhg","TS-III Analog Upgradable","60.000857A","Analog Upgradable BM100A Module","","","","1","Replacement Pending from BLT","",""
"1500","28 Jul 2026","gfyhg","TS-III Analog Upgradable","60.000843V","MB350 arm board assembly with VGA-TS III","","","","1","Replacement Pending from BLT","",""
"1501","28 Jul 2026","gfyhg","TS-III Analog Upgradable","60.000843V","MB350 arm board assembly with VGA-TS III","","","","1","Replacement Pending from BLT","",""
"1502","28 Jul 2026","gfyhg","TS-III Analog Upgradable","60.000843V","MB350 arm board assembly with VGA-TS III","","","","1","Replacement Pending from BLT","",""
"1503","28 Jul 2026","gfyhg","TS-III Analog Upgradable","60.000843V","MB350 arm board assembly with VGA-TS III","","","","1","Replacement Pending from BLT","",""
"1504","28 Jul 2026","gfyhg","TS-III Analog Upgradable","60.000843V","MB350 arm board assembly with VGA-TS III","","","","1","Replacement Pending from BLT","",""
"1505","28 Jul 2026","gfyhg","TS-III Analog Upgradable","60.000843V","MB350 arm board assembly with VGA-TS III","","","","1","Replacement Pending from BLT","",""
"1506","28 Jul 2026","gfyhg","TS-III Analog Upgradable","60.000843V","MB350 arm board assembly with VGA-TS III","","","","1","Replacement Pending from BLT","",""
"1507","28 Jul 2026","gfyhg","TS-III Analog Upgradable","60.000843V","MB350 arm board assembly with VGA-TS III","","","","1","Replacement Pending from BLT","",""
"1508","28 Jul 2026","gfyhg","TS-III Analog Upgradable","60.000843V","MB350 arm board assembly with VGA-TS III","","","","1","Replacement Pending from BLT","",""
"1509","28 Jul 2026","gfyhg","TS-III Analog Upgradable","60.000843V","MB350 arm board assembly with VGA-TS III","","","","1","Replacement Pending from BLT","",""
"1510","28 Jul 2026","gfyhg","TS-III Analog Upgradable","60.000843V","MB350 arm board assembly with VGA-TS III","","","","1","Replacement Pending from BLT","",""
"1511","28 Jul 2026","gfyhg","TS-III Analog Upgradable","60.000843V","MB350 arm board assembly with VGA-TS III","","","","1","Replacement Pending from BLT","",""
"1512","28 Jul 2026","gfyhg","TS-III Analog Upgradable","60.000843V","MB350 arm board assembly with VGA-TS III","","","","1","Replacement Pending from BLT","",""
"1513","28 Jul 2026","gfyhg","TS-III Analog Upgradable","60.000843V","MB350 arm board assembly with VGA-TS III","","","","1","Replacement Pending from BLT","",""
"1514","28 Jul 2026","gfyhg","TS-III Analog Upgradable","60.000843V","MB350 arm board assembly with VGA-TS III","","","","1","Replacement Pending from BLT","",""
"1515","28 Jul 2026","gfyhg","TS-III Analog Upgradable","60.000843V","MB350 arm board assembly with VGA-TS III","","","","1","Replacement Pending from BLT","",""
"1516","28 Jul 2026","gfyhg","TS-III Analog Upgradable","60.000843V","MB350 arm board assembly with VGA-TS III","","","","1","Replacement Pending from BLT","",""
"1517","28 Jul 2026","gfyhg","TS-III Analog Upgradable","60.000843V","MB350 arm board assembly with VGA-TS III","","","","1","Replacement Pending from BLT","",""
"1518","28 Jul 2026","gfyhg","TS-III Analog Upgradable","60.000843V","MB350 arm board assembly with VGA-TS III","","","","1","Replacement Pending from BLT","",""
"1519","28 Jul 2026","gfyhg","TS-III Analog Upgradable","60.000843V","MB350 arm board assembly with VGA-TS III","","","","1","Replacement Pending from BLT","",""
"1520","28 Jul 2026","gfyhg","TS-III Analog Upgradable","60.000843V","MB350 arm board assembly with VGA-TS III","","","","1","Replacement Pending from BLT","",""
"1521","28 Jul 2026","gfyhg","TS-III Analog Upgradable","60.000843V","MB350 arm board assembly with VGA-TS III","","","","1","Replacement Pending from BLT","",""
"1522","28 Jul 2026","gfyhg","TS-III Analog Upgradable","60.000843V","MB350 arm board assembly with VGA-TS III","","","","1","Replacement Pending from BLT","",""
"1523","28 Jul 2026","gfyhg","TS-III Analog Upgradable","60.000843V","MB350 arm board assembly with VGA-TS III","","","","1","Replacement Pending from BLT","",""
"1524","28 Jul 2026","gfyhg","TS-III Analog Upgradable","60.000843V","MB350 arm board assembly with VGA-TS III","","","","1","Replacement Pending from BLT","",""
"1525","28 Jul 2026","gfyhg","TS-III Analog Upgradable","60.000843V","MB350 arm board assembly with VGA-TS III","","","","1","Replacement Pending from BLT","",""
"1526","28 Jul 2026","gfyhg","TS-III Analog Upgradable","60.000843V","MB350 arm board assembly with VGA-TS III","","","","1","Replacement Pending from BLT","",""
"1527","28 Jul 2026","gfyhg","TS-III Analog Upgradable","60.000843V","MB350 arm board assembly with VGA-TS III","","","","1","Replacement Pending from BLT","",""
"1528","28 Jul 2026","gfyhg","TS-III Analog Upgradable","60.000843V","MB350 arm board assembly with VGA-TS III","","","","1","Replacement Pending from BLT","",""
"1529","28 Jul 2026","gfyhg","TS-III Analog Upgradable","60.000843V","MB350 arm board assembly with VGA-TS III","","","","1","Replacement Pending from BLT","",""
"1530","28 Jul 2026","gfyhg","TS-III Analog Upgradable","60.000843V","MB350 arm board assembly with VGA-TS III","","","","1","Replacement Pending from BLT","",""
"1531","28 Jul 2026","gfyhg","TS-III Analog Upgradable","60.000843V","MB350 arm board assembly with VGA-TS III","","","","1","Replacement Pending from BLT","",""
"1532","28 Jul 2026","gfyhg","TS-III Analog Upgradable","60.000843V","MB350 arm board assembly with VGA-TS III","","","","1","Replacement Pending from BLT","",""
"1533","28 Jul 2026","gfyhg","TS-III Analog Upgradable","60.000843V","MB350 arm board assembly with VGA-TS III","","","","1","Replacement Pending from BLT","",""
"1534","28 Jul 2026","gfyhg","TS-III Analog Upgradable","60.000843V","MB350 arm board assembly with VGA-TS III","","","","1","Replacement Pending from BLT","",""
"1535","28 Jul 2026","gfyhg","TS-III Analog Upgradable","60.000843V","MB350 arm board assembly with VGA-TS III","","","","1","Replacement Pending from BLT","",""
"1536","28 Jul 2026","gfyhg","TS-III Analog Upgradable","60.000843V","MB350 arm board assembly with VGA-TS III","","","","1","Replacement Pending from BLT","",""
"1537","28 Jul 2026","gfyhg","TS-III Analog Upgradable","60.000843V","MB350 arm board assembly with VGA-TS III","","","","1","Replacement Pending from BLT","",""
"1538","28 Jul 2026","gfyhg","TS-III Analog Upgradable","60.000843V","MB350 arm board assembly with VGA-TS III","","","","1","Replacement Pending from BLT","",""
"1539","28 Jul 2026","gfyhg","TS-III Analog Upgradable","60.000843V","MB350 arm board assembly with VGA-TS III","","","","1","Replacement Pending from BLT","",""
"1540","28 Jul 2026","gfyhg","TS-III Analog Upgradable","60.000843V","MB350 arm board assembly with VGA-TS III","","","","1","Replacement Pending from BLT","",""
"1541","28 Jul 2026","gfyhg","TS-III Analog Upgradable","60.000843V","MB350 arm board assembly with VGA-TS III","","","","1","Replacement Pending from BLT","",""
"1542","28 Jul 2026","gfyhg","TS-III Analog Upgradable","60.000843V","MB350 arm board assembly with VGA-TS III","","","","1","Replacement Pending from BLT","",""
"1543","28 Jul 2026","gfyhg","TS-III Analog Upgradable","60.000843V","MB350 arm board assembly with VGA-TS III","","","","1","Replacement Pending from BLT","",""
"1544","28 Jul 2026","gfyhg","TS-III Analog Upgradable","60.000843V","MB350 arm board assembly with VGA-TS III","","","","1","Replacement Pending from BLT","",""
"1545","28 Jul 2026","gfyhg","TS-III Analog Upgradable","60.000843V","MB350 arm board assembly with VGA-TS III","","","","1","Replacement Pending from BLT","",""
"1546","28 Jul 2026","gfyhg","TS-III Analog Upgradable","60.000843V","MB350 arm board assembly with VGA-TS III","","","","1","Replacement Pending from BLT","",""
"1547","28 Jul 2026","gfyhg","TS-III Analog Upgradable","60.000843V","MB350 arm board assembly with VGA-TS III","","","","1","Replacement Pending from BLT","",""
"1548","28 Jul 2026","gfyhg","TS-III Analog Upgradable","60.000843V","MB350 arm board assembly with VGA-TS III","","","","1","Replacement Pending from BLT","",""
"1549","28 Jul 2026","gfyhg","TS-III Analog Upgradable","60.000843V","MB350 arm board assembly with VGA-TS III","","","","1","Replacement Pending from BLT","",""
"1550","28 Jul 2026","gfyhg","TS-III Analog Upgradable","60.000843V","MB350 arm board assembly with VGA-TS III","","","","1","Replacement Pending from BLT","",""
"1551","28 Jul 2026","gfyhg","TS-III Analog Upgradable","60.000843V","MB350 arm board assembly with VGA-TS III","","","","1","Replacement Pending from BLT","",""
"1552","28 Jul 2026","gfyhg","TS-III Analog Upgradable","60.000843V","MB350 arm board assembly with VGA-TS III","","","","1","Replacement Pending from BLT","",""
"1553","28 Jul 2026","gfyhg","TS-III Analog Upgradable","60.000843V","MB350 arm board assembly with VGA-TS III","","","","1","Replacement Pending from BLT","",""
"1554","28 Jul 2026","gfyhg","TS-III Analog Upgradable","60.000843V","MB350 arm board assembly with VGA-TS III","","","","1","Replacement Pending from BLT","",""
"1555","28 Jul 2026","gfyhg","TS-III Analog Upgradable","60.000843V","MB350 arm board assembly with VGA-TS III","","","","1","Replacement Pending from BLT","",""
"1556","28 Jul 2026","gfyhg","TS-III Analog Upgradable","60.000843V","MB350 arm board assembly with VGA-TS III","","","","1","Replacement Pending from BLT","",""
"1557","28 Jul 2026","gfyhg","TS-III Analog Upgradable","60.000843V","MB350 arm board assembly with VGA-TS III","","","","1","Replacement Pending from BLT","",""
"1558","28 Jul 2026","gfyhg","TS-III Analog Upgradable","60.000843V","MB350 arm board assembly with VGA-TS III","","","","1","Replacement Pending from BLT","",""
"1559","28 Jul 2026","gfyhg","TS-III Analog Upgradable","60.000843V","MB350 arm board assembly with VGA-TS III","","","","1","Replacement Pending from BLT","",""
"1560","28 Jul 2026","gfyhg","TS-III Analog Upgradable","60.000843V","MB350 arm board assembly with VGA-TS III","","","","1","Replacement Pending from BLT","",""
"1561","28 Jul 2026","gfyhg","TS-III Analog Upgradable","60.000843V","MB350 arm board assembly with VGA-TS III","","","","1","Replacement Pending from BLT","",""
"1562","28 Jul 2026","gfyhg","TS-III Analog Upgradable","60.000843V","MB350 arm board assembly with VGA-TS III","","","","1","Replacement Pending from BLT","",""
"1563","28 Jul 2026","gfyhg","TS-III Analog Upgradable","60.000843V","MB350 arm board assembly with VGA-TS III","","","","1","Replacement Pending from BLT","",""
"1564","28 Jul 2026","gfyhg","TS-III Analog Upgradable","60.000843V","MB350 arm board assembly with VGA-TS III","","","","1","Replacement Pending from BLT","",""
"1565","28 Jul 2026","gfyhg","TS-III Analog Upgradable","60.000843V","MB350 arm board assembly with VGA-TS III","","","","1","Replacement Pending from BLT","",""
"1566","28 Jul 2026","gfyhg","TS-III Analog Upgradable","60.000843V","MB350 arm board assembly with VGA-TS III","","","","1","Replacement Pending from BLT","",""
"1567","28 Jul 2026","gfyhg","TS-III Analog Upgradable","60.000843V","MB350 arm board assembly with VGA-TS III","","","","1","Replacement Pending from BLT","",""
"1568","28 Jul 2026","gfyhg","TS-III Analog Upgradable","60.000843V","MB350 arm board assembly with VGA-TS III","","","","1","Replacement Pending from BLT","",""
"1569","28 Jul 2026","gfyhg","TS-III Analog Upgradable","60.000843V","MB350 arm board assembly with VGA-TS III","","","","1","Replacement Pending from BLT","",""
"1570","28 Jul 2026","gfyhg","TS-III Analog Upgradable","60.000843V","MB350 arm board assembly with VGA-TS III","","","","1","Replacement Pending from BLT","",""
"1571","28 Jul 2026","gfyhg","TS-III Analog Upgradable","60.000843V","MB350 arm board assembly with VGA-TS III","","","","1","Replacement Pending from BLT","",""
"1572","28 Jul 2026","gfyhg","TS-III Analog Upgradable","60.000843V","MB350 arm board assembly with VGA-TS III","","","","1","Replacement Pending from BLT","",""
"1573","28 Jul 2026","gfyhg","TS-III Analog Upgradable","60.000843V","MB350 arm board assembly with VGA-TS III","","","","1","Replacement Pending from BLT","",""
"1574","28 Jul 2026","gfyhg","TS-III Analog Upgradable","60.000843V","MB350 arm board assembly with VGA-TS III","","","","1","Replacement Pending from BLT","",""
"1575","28 Jul 2026","gfyhg","TS-III Analog Upgradable","60.000843V","MB350 arm board assembly with VGA-TS III","","","","1","Replacement Pending from BLT","",""
"1576","28 Jul 2026","gfyhg","TS-III Analog Upgradable","60.000843V","MB350 arm board assembly with VGA-TS III","","","","1","Replacement Pending from BLT","",""
"1577","28 Jul 2026","gfyhg","TS-III Analog Upgradable","60.000843V","MB350 arm board assembly with VGA-TS III","","","","1","Replacement Pending from BLT","",""
"1578","28 Jul 2026","gfyhg","TS-III Analog Upgradable","60.000843V","MB350 arm board assembly with VGA-TS III","","","","1","Replacement Pending from BLT","",""
"1579","28 Jul 2026","gfyhg","TS-III Analog Upgradable","60.000843V","MB350 arm board assembly with VGA-TS III","","","","1","Replacement Pending from BLT","",""
"1580","28 Jul 2026","gfyhg","TS-III Analog Upgradable","60.000843V","MB350 arm board assembly with VGA-TS III","","","","1","Replacement Pending from BLT","",""
"1581","28 Jul 2026","gfyhg","TS-III Analog Upgradable","60.000843V","MB350 arm board assembly with VGA-TS III","","","","1","Replacement Pending from BLT","",""
"1582","28 Jul 2026","gfyhg","TS-III Analog Upgradable","60.000843V","MB350 arm board assembly with VGA-TS III","","","","1","Replacement Pending from BLT","",""
"1583","28 Jul 2026","gfyhg","TS-III Analog Upgradable","60.000843V","MB350 arm board assembly with VGA-TS III","","","","1","Replacement Pending from BLT","",""
"1584","28 Jul 2026","gfyhg","TS-III Analog Upgradable","60.000843V","MB350 arm board assembly with VGA-TS III","","","","1","Replacement Pending from BLT","",""
"1585","28 Jul 2026","gfyhg","TS-III Analog Upgradable","60.000843V","MB350 arm board assembly with VGA-TS III","","","","1","Replacement Pending from BLT","",""
"1586","28 Jul 2026","gfyhg","TS-III Analog Upgradable","60.000843V","MB350 arm board assembly with VGA-TS III","","","","1","Replacement Pending from BLT","",""
"1587","28 Jul 2026","gfyhg","TS-III Analog Upgradable","60.000843V","MB350 arm board assembly with VGA-TS III","","","","1","Replacement Pending from BLT","",""
"1588","28 Jul 2026","gfyhg","TS-III Analog Upgradable","60.000843V","MB350 arm board assembly with VGA-TS III","","","","1","Replacement Pending from BLT","",""
"1589","28 Jul 2026","gfyhg","TS-III Analog Upgradable","60.000843V","MB350 arm board assembly with VGA-TS III","","","","1","Replacement Pending from BLT","",""
"1590","28 Jul 2026","gfyhg","TS-III Analog Upgradable","60.000843V","MB350 arm board assembly with VGA-TS III","","","","1","Replacement Pending from BLT","",""
"1591","28 Jul 2026","gfyhg","TS-III Analog Upgradable","60.000843V","MB350 arm board assembly with VGA-TS III","","","","1","Replacement Pending from BLT","",""
"1592","28 Jul 2026","gfyhg","TS-III Analog Upgradable","60.000843V","MB350 arm board assembly with VGA-TS III","","","","1","Replacement Pending from BLT","",""
"1593","28 Jul 2026","gfyhg","TS-III Analog Upgradable","60.000843V","MB350 arm board assembly with VGA-TS III","","","","1","Replacement Pending from BLT","",""
"1594","28 Jul 2026","gfyhg","TS-III Analog Upgradable","60.000843V","MB350 arm board assembly with VGA-TS III","","","","1","Replacement Pending from BLT","",""
"1595","28 Jul 2026","gfyhg","TS-III Analog Upgradable","60.000843V","MB350 arm board assembly with VGA-TS III","","","","1","Replacement Pending from BLT","",""
"1596","28 Jul 2026","gfyhg","TS-III Analog Upgradable","60.000843V","MB350 arm board assembly with VGA-TS III","","","","1","Replacement Pending from BLT","",""
"1597","28 Jul 2026","gfyhg","TS-III Analog Upgradable","60.000843V","MB350 arm board assembly with VGA-TS III","","","","1","Replacement Pending from BLT","",""
"1598","28 Jul 2026","gfyhg","TS-III Analog Upgradable","60.000843V","MB350 arm board assembly with VGA-TS III","","","","1","Replacement Pending from BLT","",""
"1599","28 Jul 2026","gfyhg","TS-III Analog Upgradable","60.000843V","MB350 arm board assembly with VGA-TS III","","","","1","Replacement Pending from BLT","",""
"1600","28 Jul 2026","gfyhg","TS-III Analog Upgradable","15-100-0027","Skin temp probe","","","","1","Replacement Pending from BLT","",""
"1601","28 Jul 2026","gfyhg","TS-III Analog Upgradable","15-100-0027","Skin temp probe","","","","1","Replacement Pending from BLT","",""
"1602","28 Jul 2026","gfyhg","TS-III Analog Upgradable","15-100-0027","Skin temp probe","","","","1","Replacement Pending from BLT","",""
"1603","28 Jul 2026","gfyhg","TS-III Analog Upgradable","15-100-0027","Skin temp probe","","","","1","Replacement Pending from BLT","",""
"1604","28 Jul 2026","gfyhg","TS-III Analog Upgradable","15-100-0027","Skin temp probe","","","","1","Replacement Pending from BLT","",""
"1605","28 Jul 2026","gfyhg","TS-III Analog Upgradable","15-100-0027","Skin temp probe","","","","1","Replacement Pending from BLT","",""
"1606","28 Jul 2026","gfyhg","TS-III Analog Upgradable","15-100-0027","Skin temp probe","","","","1","Replacement Pending from BLT","",""
"1607","28 Jul 2026","gfyhg","TS-III Analog Upgradable","15-100-0027","Skin temp probe","","","","1","Replacement Pending from BLT","",""
"1608","28 Jul 2026","gfyhg","TS-III Analog Upgradable","15-100-0027","Skin temp probe","","","","1","Replacement Pending from BLT","",""
"1609","28 Jul 2026","gfyhg","TS-III Analog Upgradable","15-100-0027","Skin temp probe","","","","1","Replacement Pending from BLT","",""
"1610","28 Jul 2026","gfyhg","TS-III Analog Upgradable","15-100-0027","Skin temp probe","","","","1","Replacement Pending from BLT","",""
"1611","28 Jul 2026","gfyhg","TS-III Analog Upgradable","15-100-0027","Skin temp probe","","","","1","Replacement Pending from BLT","",""
"1612","28 Jul 2026","gfyhg","TS-III Analog Upgradable","15-100-0027","Skin temp probe","","","","1","Replacement Pending from BLT","",""
"1613","28 Jul 2026","gfyhg","TS-III Analog Upgradable","15-100-0027","Skin temp probe","","","","1","Replacement Pending from BLT","",""
"1614","28 Jul 2026","gfyhg","TS-III Analog Upgradable","15-100-0027","Skin temp probe","","","","1","Replacement Pending from BLT","",""
"1615","28 Jul 2026","gfyhg","TS-III Analog Upgradable","15-100-0027","Skin temp probe","","","","1","Replacement Pending from BLT","",""
"1616","28 Jul 2026","gfyhg","TS-III Analog Upgradable","15-100-0027","Skin temp probe","","","","1","Replacement Pending from BLT","",""
"1617","28 Jul 2026","gfyhg","TS-III Analog Upgradable","15-100-0027","Skin temp probe","","","","1","Replacement Pending from BLT","",""
"1618","28 Jul 2026","gfyhg","TS-III Analog Upgradable","15-100-0027","Skin temp probe","","","","1","Replacement Pending from BLT","",""
"1619","28 Jul 2026","gfyhg","TS-III Analog Upgradable","15-100-0027","Skin temp probe","","","","1","Replacement Pending from BLT","",""
"1620","28 Jul 2026","gfyhg","TS-III Analog Upgradable","15-100-0027","Skin temp probe","","","","1","Replacement Pending from BLT","",""
"1621","28 Jul 2026","gfyhg","TS-III Analog Upgradable","15-100-0027","Skin temp probe","","","","1","Replacement Pending from BLT","",""
"1622","28 Jul 2026","gfyhg","TS-III Analog Upgradable","15-100-0027","Skin temp probe","","","","1","Replacement Pending from BLT","",""
"1623","28 Jul 2026","gfyhg","TS-III Analog Upgradable","15-100-0027","Skin temp probe","","","","1","Replacement Pending from BLT","",""
"1624","28 Jul 2026","gfyhg","TS-III Analog Upgradable","15-100-0027","Skin temp probe","","","","1","Replacement Pending from BLT","",""
"1625","28 Jul 2026","gfyhg","TS-III Analog Upgradable","15-100-0027","Skin temp probe","","","","1","Replacement Pending from BLT","",""
"1626","28 Jul 2026","gfyhg","TS-III Analog Upgradable","15-100-0027","Skin temp probe","","","","1","Replacement Pending from BLT","",""
"1627","28 Jul 2026","gfyhg","TS-III Analog Upgradable","15-100-0027","Skin temp probe","","","","1","Replacement Pending from BLT","",""
"1628","28 Jul 2026","gfyhg","TS-III Analog Upgradable","15-100-0027","Skin temp probe","","","","1","Replacement Pending from BLT","",""
"1629","28 Jul 2026","gfyhg","TS-III Analog Upgradable","15-100-0027","Skin temp probe","","","","1","Replacement Pending from BLT","",""
"1630","28 Jul 2026","gfyhg","TS-III Analog Upgradable","15-100-0027","Skin temp probe","","","","1","Replacement Pending from BLT","",""
"1631","28 Jul 2026","gfyhg","TS-III Analog Upgradable","15-100-0027","Skin temp probe","","","","1","Replacement Pending from BLT","",""
"1632","28 Jul 2026","gfyhg","TS-III Analog Upgradable","15-100-0027","Skin temp probe","","","","1","Replacement Pending from BLT","",""
"1633","28 Jul 2026","gfyhg","TS-III Analog Upgradable","15-100-0027","Skin temp probe","","","","1","Replacement Pending from BLT","",""
"1634","28 Jul 2026","gfyhg","TS-III Analog Upgradable","15-100-0027","Skin temp probe","","","","1","Replacement Pending from BLT","",""
"1635","28 Jul 2026","gfyhg","TS-III Analog Upgradable","15-100-0027","Skin temp probe","","","","1","Replacement Pending from BLT","",""
"1636","28 Jul 2026","gfyhg","TS-III Analog Upgradable","15-100-0027","Skin temp probe","","","","1","Replacement Pending from BLT","",""
"1637","28 Jul 2026","gfyhg","TS-III Analog Upgradable","15-100-0027","Skin temp probe","","","","1","Replacement Pending from BLT","",""
"1638","28 Jul 2026","gfyhg","TS-III Analog Upgradable","15-100-0027","Skin temp probe","","","","1","Replacement Pending from BLT","",""
"1639","28 Jul 2026","gfyhg","TS-III Analog Upgradable","15-100-0027","Skin temp probe","","","","1","Replacement Pending from BLT","",""
"1640","28 Jul 2026","gfyhg","TS-III Analog Upgradable","15-100-0027","Skin temp probe","","","","1","Replacement Pending from BLT","",""
"1641","28 Jul 2026","gfyhg","TS-III Analog Upgradable","15-100-0027","Skin temp probe","","","","1","Replacement Pending from BLT","",""
"1642","28 Jul 2026","gfyhg","TS-III Analog Upgradable","15-100-0027","Skin temp probe","","","","1","Replacement Pending from BLT","",""
"1643","28 Jul 2026","gfyhg","TS-III Analog Upgradable","15-100-0027","Skin temp probe","","","","1","Replacement Pending from BLT","",""
"1644","28 Jul 2026","gfyhg","TS-III Analog Upgradable","15-100-0027","Skin temp probe","","","","1","Replacement Pending from BLT","",""
"1645","28 Jul 2026","gfyhg","TS-III Analog Upgradable","15-100-0027","Skin temp probe","","","","1","Replacement Pending from BLT","",""
"1646","28 Jul 2026","gfyhg","TS-III Analog Upgradable","15-100-0027","Skin temp probe","","","","1","Replacement Pending from BLT","",""
"1647","28 Jul 2026","gfyhg","TS-III Analog Upgradable","15-100-0027","Skin temp probe","","","","1","Replacement Pending from BLT","",""
"1648","28 Jul 2026","gfyhg","TS-III Analog Upgradable","15-100-0027","Skin temp probe","","","","1","Replacement Pending from BLT","",""
"1649","28 Jul 2026","gfyhg","TS-III Analog Upgradable","15-100-0027","Skin temp probe","","","","1","Replacement Pending from BLT","",""
"1650","28 Jul 2026","gfyhg","TS-III Analog Upgradable","15-100-0027","Skin temp probe","","","","1","Replacement Pending from BLT","",""
"1651","28 Jul 2026","gfyhg","TS-III Analog Upgradable","15-100-0027","Skin temp probe","","","","1","Replacement Pending from BLT","",""
"1652","28 Jul 2026","gfyhg","TS-III Analog Upgradable","15-100-0027","Skin temp probe","","","","1","Replacement Pending from BLT","",""
"1653","28 Jul 2026","gfyhg","TS-III Analog Upgradable","15-100-0027","Skin temp probe","","","","1","Replacement Pending from BLT","",""
"1654","28 Jul 2026","gfyhg","TS-III Analog Upgradable","15-100-0027","Skin temp probe","","","","1","Replacement Pending from BLT","",""
"1655","28 Jul 2026","gfyhg","TS-III Analog Upgradable","15-100-0027","Skin temp probe","","","","1","Replacement Pending from BLT","",""
"1656","28 Jul 2026","gfyhg","TS-III Analog Upgradable","15-100-0027","Skin temp probe","","","","1","Replacement Pending from BLT","",""
"1657","28 Jul 2026","gfyhg","TS-III Analog Upgradable","15-100-0027","Skin temp probe","","","","1","Replacement Pending from BLT","",""
"1658","28 Jul 2026","gfyhg","TS-III Analog Upgradable","15-100-0027","Skin temp probe","","","","1","Replacement Pending from BLT","",""
"1659","28 Jul 2026","gfyhg","TS-III Analog Upgradable","15-100-0027","Skin temp probe","","","","1","Replacement Pending from BLT","",""
"1660","28 Jul 2026","gfyhg","TS-III Analog Upgradable","15-100-0027","Skin temp probe","","","","1","Replacement Pending from BLT","",""
"1661","28 Jul 2026","gfyhg","TS-III Analog Upgradable","15-100-0027","Skin temp probe","","","","1","Replacement Pending from BLT","",""
"1662","28 Jul 2026","gfyhg","TS-III Analog Upgradable","15-100-0027","Skin temp probe","","","","1","Replacement Pending from BLT","",""
"1663","28 Jul 2026","gfyhg","TS-III Analog Upgradable","15-100-0027","Skin temp probe","","","","1","Replacement Pending from BLT","",""
"1664","28 Jul 2026","gfyhg","TS-III Analog Upgradable","15-100-0027","Skin temp probe","","","","1","Replacement Pending from BLT","",""
"1665","28 Jul 2026","gfyhg","TS-III Analog Upgradable","15-100-0027","Skin temp probe","","","","1","Replacement Pending from BLT","",""
"1666","28 Jul 2026","gfyhg","TS-III Analog Upgradable","15-100-0027","Skin temp probe","","","","1","Replacement Pending from BLT","",""
"1667","28 Jul 2026","gfyhg","TS-III Analog Upgradable","15-100-0027","Skin temp probe","","","","1","Replacement Pending from BLT","",""
"1668","28 Jul 2026","gfyhg","TS-III Analog Upgradable","15-100-0027","Skin temp probe","","","","1","Replacement Pending from BLT","",""
"1669","28 Jul 2026","gfyhg","TS-III Analog Upgradable","15-100-0027","Skin temp probe","","","","1","Replacement Pending from BLT","",""
"1670","28 Jul 2026","gfyhg","TS-III Analog Upgradable","15-100-0027","Skin temp probe","","","","1","Replacement Pending from BLT","",""
"1671","28 Jul 2026","gfyhg","TS-III Analog Upgradable","15-100-0027","Skin temp probe","","","","1","Replacement Pending from BLT","",""
"1672","28 Jul 2026","gfyhg","TS-III Analog Upgradable","15-100-0027","Skin temp probe","","","","1","Replacement Pending from BLT","",""
"1673","28 Jul 2026","gfyhg","TS-III Analog Upgradable","15-100-0027","Skin temp probe","","","","1","Replacement Pending from BLT","",""
"1674","28 Jul 2026","gfyhg","TS-III Analog Upgradable","15-100-0027","Skin temp probe","","","","1","Replacement Pending from BLT","",""
"1675","28 Jul 2026","gfyhg","TS-III Analog Upgradable","15-100-0027","Skin temp probe","","","","1","Replacement Pending from BLT","",""
"1676","28 Jul 2026","gfyhg","TS-III Analog Upgradable","15-100-0027","Skin temp probe","","","","1","Replacement Pending from BLT","",""
"1677","28 Jul 2026","gfyhg","TS-III Analog Upgradable","15-100-0027","Skin temp probe","","","","1","Replacement Pending from BLT","",""
"1678","28 Jul 2026","gfyhg","TS-III Analog Upgradable","15-100-0027","Skin temp probe","","","","1","Replacement Pending from BLT","",""
"1679","28 Jul 2026","gfyhg","TS-III Analog Upgradable","15-100-0027","Skin temp probe","","","","1","Replacement Pending from BLT","",""
"1680","28 Jul 2026","gfyhg","TS-III Analog Upgradable","15-100-0027","Skin temp probe","","","","1","Replacement Pending from BLT","",""
"1681","28 Jul 2026","gfyhg","TS-III Analog Upgradable","15-100-0027","Skin temp probe","","","","1","Replacement Pending from BLT","",""
"1682","28 Jul 2026","gfyhg","TS-III Analog Upgradable","15-100-0027","Skin temp probe","","","","1","Replacement Pending from BLT","",""
"1683","28 Jul 2026","gfyhg","TS-III Analog Upgradable","15-100-0027","Skin temp probe","","","","1","Replacement Pending from BLT","",""
"1684","28 Jul 2026","gfyhg","TS-III Analog Upgradable","15-100-0027","Skin temp probe","","","","1","Replacement Pending from BLT","",""
"1685","28 Jul 2026","gfyhg","TS-III Analog Upgradable","15-100-0027","Skin temp probe","","","","1","Replacement Pending from BLT","",""
"1686","28 Jul 2026","gfyhg","TS-III Analog Upgradable","15-100-0027","Skin temp probe","","","","1","Replacement Pending from BLT","",""
"1687","28 Jul 2026","gfyhg","TS-III Analog Upgradable","15-100-0027","Skin temp probe","","","","1","Replacement Pending from BLT","",""
"1688","28 Jul 2026","gfyhg","TS-III Analog Upgradable","15-100-0027","Skin temp probe","","","","1","Replacement Pending from BLT","",""
"1689","28 Jul 2026","gfyhg","TS-III Analog Upgradable","15-100-0027","Skin temp probe","","","","1","Replacement Pending from BLT","",""
"1690","28 Jul 2026","gfyhg","TS-III Analog Upgradable","15-100-0027","Skin temp probe","","","","1","Replacement Pending from BLT","",""
"1691","28 Jul 2026","gfyhg","TS-III Analog Upgradable","15-100-0027","Skin temp probe","","","","1","Replacement Pending from BLT","",""
"1692","28 Jul 2026","gfyhg","TS-III Analog Upgradable","15-100-0027","Skin temp probe","","","","1","Replacement Pending from BLT","",""
"1693","28 Jul 2026","gfyhg","TS-III Analog Upgradable","15-100-0027","Skin temp probe","","","","1","Replacement Pending from BLT","",""
"1694","28 Jul 2026","gfyhg","TS-III Analog Upgradable","15-100-0027","Skin temp probe","","","","1","Replacement Pending from BLT","",""
"1695","28 Jul 2026","gfyhg","TS-III Analog Upgradable","15-100-0027","Skin temp probe","","","","1","Replacement Pending from BLT","",""
"1696","28 Jul 2026","gfyhg","TS-III Analog Upgradable","15-100-0027","Skin temp probe","","","","1","Replacement Pending from BLT","",""
"1697","28 Jul 2026","gfyhg","TS-III Analog Upgradable","15-100-0027","Skin temp probe","","","","1","Replacement Pending from BLT","",""
"1698","28 Jul 2026","gfyhg","TS-III Analog Upgradable","15-100-0027","Skin temp probe","","","","1","Replacement Pending from BLT","",""
"1699","28 Jul 2026","gfyhg","TS-III Analog Upgradable","15-100-0027","Skin temp probe","","","","1","Replacement Pending from BLT","",""
"1700","28 Jul 2026","gfyhg","TS-III Analog Upgradable","15-100-0026","Tubing with connector for reusable cuff","","","","1","Replacement Pending from BLT","",""
"1701","28 Jul 2026","gfyhg","TS-III Analog Upgradable","15-100-0026","Tubing with connector for reusable cuff","","","","1","Replacement Pending from BLT","",""
"1702","28 Jul 2026","gfyhg","TS-III Analog Upgradable","15-100-0026","Tubing with connector for reusable cuff","","","","1","Replacement Pending from BLT","",""
"1703","28 Jul 2026","gfyhg","TS-III Analog Upgradable","15-100-0026","Tubing with connector for reusable cuff","","","","1","Replacement Pending from BLT","",""
"1704","28 Jul 2026","gfyhg","TS-III Analog Upgradable","15-100-0026","Tubing with connector for reusable cuff","","","","1","Replacement Pending from BLT","",""
"1705","28 Jul 2026","gfyhg","TS-III Analog Upgradable","15-100-0026","Tubing with connector for reusable cuff","","","","1","Replacement Pending from BLT","",""
"1706","28 Jul 2026","gfyhg","TS-III Analog Upgradable","15-100-0026","Tubing with connector for reusable cuff","","","","1","Replacement Pending from BLT","",""
"1707","28 Jul 2026","gfyhg","TS-III Analog Upgradable","15-100-0026","Tubing with connector for reusable cuff","","","","1","Replacement Pending from BLT","",""
"1708","28 Jul 2026","gfyhg","TS-III Analog Upgradable","15-100-0026","Tubing with connector for reusable cuff","","","","1","Replacement Pending from BLT","",""
"1709","28 Jul 2026","gfyhg","TS-III Analog Upgradable","15-100-0026","Tubing with connector for reusable cuff","","","","1","Replacement Pending from BLT","",""
"1710","28 Jul 2026","gfyhg","TS-III Analog Upgradable","15-100-0026","Tubing with connector for reusable cuff","","","","1","Replacement Pending from BLT","",""
"1711","28 Jul 2026","gfyhg","TS-III Analog Upgradable","15-100-0026","Tubing with connector for reusable cuff","","","","1","Replacement Pending from BLT","",""
"1712","28 Jul 2026","gfyhg","TS-III Analog Upgradable","15-100-0026","Tubing with connector for reusable cuff","","","","1","Replacement Pending from BLT","",""
"1713","28 Jul 2026","gfyhg","TS-III Analog Upgradable","15-100-0026","Tubing with connector for reusable cuff","","","","1","Replacement Pending from BLT","",""
"1714","28 Jul 2026","gfyhg","TS-III Analog Upgradable","15-100-0026","Tubing with connector for reusable cuff","","","","1","Replacement Pending from BLT","",""
"1715","28 Jul 2026","gfyhg","TS-III Analog Upgradable","15-100-0026","Tubing with connector for reusable cuff","","","","1","Replacement Pending from BLT","",""
"1716","28 Jul 2026","gfyhg","TS-III Analog Upgradable","15-100-0026","Tubing with connector for reusable cuff","","","","1","Replacement Pending from BLT","",""
"1717","28 Jul 2026","gfyhg","TS-III Analog Upgradable","15-100-0026","Tubing with connector for reusable cuff","","","","1","Replacement Pending from BLT","",""
"1718","28 Jul 2026","gfyhg","TS-III Analog Upgradable","15-100-0026","Tubing with connector for reusable cuff","","","","1","Replacement Pending from BLT","",""
"1719","28 Jul 2026","gfyhg","TS-III Analog Upgradable","15-100-0026","Tubing with connector for reusable cuff","","","","1","Replacement Pending from BLT","",""
"1720","28 Jul 2026","gfyhg","TS-III Analog Upgradable","15-100-0026","Tubing with connector for reusable cuff","","","","1","Replacement Pending from BLT","",""
"1721","28 Jul 2026","gfyhg","TS-III Analog Upgradable","15-100-0026","Tubing with connector for reusable cuff","","","","1","Replacement Pending from BLT","",""
"1722","28 Jul 2026","gfyhg","TS-III Analog Upgradable","15-100-0026","Tubing with connector for reusable cuff","","","","1","Replacement Pending from BLT","",""
"1723","28 Jul 2026","gfyhg","TS-III Analog Upgradable","15-100-0026","Tubing with connector for reusable cuff","","","","1","Replacement Pending from BLT","",""
"1724","28 Jul 2026","gfyhg","TS-III Analog Upgradable","15-100-0026","Tubing with connector for reusable cuff","","","","1","Replacement Pending from BLT","",""
"1725","28 Jul 2026","gfyhg","TS-III Analog Upgradable","15-100-0026","Tubing with connector for reusable cuff","","","","1","Replacement Pending from BLT","",""
"1726","28 Jul 2026","gfyhg","TS-III Analog Upgradable","15-100-0026","Tubing with connector for reusable cuff","","","","1","Replacement Pending from BLT","",""
"1727","28 Jul 2026","gfyhg","TS-III Analog Upgradable","15-100-0026","Tubing with connector for reusable cuff","","","","1","Replacement Pending from BLT","",""
"1728","28 Jul 2026","gfyhg","TS-III Analog Upgradable","15-100-0026","Tubing with connector for reusable cuff","","","","1","Replacement Pending from BLT","",""
"1729","28 Jul 2026","gfyhg","TS-III Analog Upgradable","15-100-0026","Tubing with connector for reusable cuff","","","","1","Replacement Pending from BLT","",""
"1730","28 Jul 2026","gfyhg","TS-III Analog Upgradable","15-100-0026","Tubing with connector for reusable cuff","","","","1","Replacement Pending from BLT","",""
"1731","28 Jul 2026","gfyhg","TS-III Analog Upgradable","15-100-0026","Tubing with connector for reusable cuff","","","","1","Replacement Pending from BLT","",""
"1732","28 Jul 2026","gfyhg","TS-III Analog Upgradable","15-100-0026","Tubing with connector for reusable cuff","","","","1","Replacement Pending from BLT","",""
"1733","28 Jul 2026","gfyhg","TS-III Analog Upgradable","15-100-0026","Tubing with connector for reusable cuff","","","","1","Replacement Pending from BLT","",""
"1734","28 Jul 2026","gfyhg","TS-III Analog Upgradable","15-100-0026","Tubing with connector for reusable cuff","","","","1","Replacement Pending from BLT","",""
"1735","28 Jul 2026","gfyhg","TS-III Analog Upgradable","15-100-0026","Tubing with connector for reusable cuff","","","","1","Replacement Pending from BLT","",""
"1736","28 Jul 2026","gfyhg","TS-III Analog Upgradable","15-100-0026","Tubing with connector for reusable cuff","","","","1","Replacement Pending from BLT","",""
"1737","28 Jul 2026","gfyhg","TS-III Analog Upgradable","15-100-0026","Tubing with connector for reusable cuff","","","","1","Replacement Pending from BLT","",""
"1738","28 Jul 2026","gfyhg","TS-III Analog Upgradable","15-100-0026","Tubing with connector for reusable cuff","","","","1","Replacement Pending from BLT","",""
"1739","28 Jul 2026","gfyhg","TS-III Analog Upgradable","15-100-0026","Tubing with connector for reusable cuff","","","","1","Replacement Pending from BLT","",""
"1740","28 Jul 2026","gfyhg","TS-III Analog Upgradable","15-100-0026","Tubing with connector for reusable cuff","","","","1","Replacement Pending from BLT","",""
"1741","28 Jul 2026","gfyhg","TS-III Analog Upgradable","15-100-0026","Tubing with connector for reusable cuff","","","","1","Replacement Pending from BLT","",""
"1742","28 Jul 2026","gfyhg","TS-III Analog Upgradable","15-100-0026","Tubing with connector for reusable cuff","","","","1","Replacement Pending from BLT","",""
"1743","28 Jul 2026","gfyhg","TS-III Analog Upgradable","15-100-0026","Tubing with connector for reusable cuff","","","","1","Replacement Pending from BLT","",""
"1744","28 Jul 2026","gfyhg","TS-III Analog Upgradable","15-100-0026","Tubing with connector for reusable cuff","","","","1","Replacement Pending from BLT","",""
"1745","28 Jul 2026","gfyhg","TS-III Analog Upgradable","15-100-0026","Tubing with connector for reusable cuff","","","","1","Replacement Pending from BLT","",""
"1746","28 Jul 2026","gfyhg","TS-III Analog Upgradable","15-100-0026","Tubing with connector for reusable cuff","","","","1","Replacement Pending from BLT","",""
"1747","28 Jul 2026","gfyhg","TS-III Analog Upgradable","15-100-0026","Tubing with connector for reusable cuff","","","","1","Replacement Pending from BLT","",""
"1748","28 Jul 2026","gfyhg","TS-III Analog Upgradable","15-100-0026","Tubing with connector for reusable cuff","","","","1","Replacement Pending from BLT","",""
"1749","28 Jul 2026","gfyhg","TS-III Analog Upgradable","15-100-0026","Tubing with connector for reusable cuff","","","","1","Replacement Pending from BLT","",""
"1750","28 Jul 2026","gfyhg","TS-III Analog Upgradable","15-100-0026","Tubing with connector for reusable cuff","","","","1","Replacement Pending from BLT","",""
"1751","28 Jul 2026","gfyhg","TS-III Analog Upgradable","15-100-0026","Tubing with connector for reusable cuff","","","","1","Replacement Pending from BLT","",""
"1752","28 Jul 2026","gfyhg","TS-III Analog Upgradable","15-100-0026","Tubing with connector for reusable cuff","","","","1","Replacement Pending from BLT","",""
"1753","28 Jul 2026","gfyhg","TS-III Analog Upgradable","15-100-0026","Tubing with connector for reusable cuff","","","","1","Replacement Pending from BLT","",""
"1754","28 Jul 2026","gfyhg","TS-III Analog Upgradable","15-100-0026","Tubing with connector for reusable cuff","","","","1","Replacement Pending from BLT","",""
"1755","28 Jul 2026","gfyhg","TS-III Analog Upgradable","15-100-0026","Tubing with connector for reusable cuff","","","","1","Replacement Pending from BLT","",""
"1756","28 Jul 2026","gfyhg","TS-III Analog Upgradable","15-100-0026","Tubing with connector for reusable cuff","","","","1","Replacement Pending from BLT","",""
"1757","28 Jul 2026","gfyhg","TS-III Analog Upgradable","15-100-0026","Tubing with connector for reusable cuff","","","","1","Replacement Pending from BLT","",""
"1758","28 Jul 2026","gfyhg","TS-III Analog Upgradable","15-100-0026","Tubing with connector for reusable cuff","","","","1","Replacement Pending from BLT","",""
"1759","28 Jul 2026","gfyhg","TS-III Analog Upgradable","15-100-0026","Tubing with connector for reusable cuff","","","","1","Replacement Pending from BLT","",""
"1760","28 Jul 2026","gfyhg","TS-III Analog Upgradable","15-100-0026","Tubing with connector for reusable cuff","","","","1","Replacement Pending from BLT","",""
"1761","28 Jul 2026","gfyhg","TS-III Analog Upgradable","15-100-0026","Tubing with connector for reusable cuff","","","","1","Replacement Pending from BLT","",""
"1762","28 Jul 2026","gfyhg","TS-III Analog Upgradable","15-100-0026","Tubing with connector for reusable cuff","","","","1","Replacement Pending from BLT","",""
"1763","28 Jul 2026","gfyhg","TS-III Analog Upgradable","15-100-0026","Tubing with connector for reusable cuff","","","","1","Replacement Pending from BLT","",""
"1764","28 Jul 2026","gfyhg","TS-III Analog Upgradable","15-100-0026","Tubing with connector for reusable cuff","","","","1","Replacement Pending from BLT","",""
"1765","28 Jul 2026","gfyhg","TS-III Analog Upgradable","15-100-0026","Tubing with connector for reusable cuff","","","","1","Replacement Pending from BLT","",""
"1766","28 Jul 2026","gfyhg","TS-III Analog Upgradable","15-100-0026","Tubing with connector for reusable cuff","","","","1","Replacement Pending from BLT","",""
"1767","28 Jul 2026","gfyhg","TS-III Analog Upgradable","15-100-0026","Tubing with connector for reusable cuff","","","","1","Replacement Pending from BLT","",""
"1768","28 Jul 2026","gfyhg","TS-III Analog Upgradable","15-100-0026","Tubing with connector for reusable cuff","","","","1","Replacement Pending from BLT","",""
"1769","28 Jul 2026","gfyhg","TS-III Analog Upgradable","15-100-0026","Tubing with connector for reusable cuff","","","","1","Replacement Pending from BLT","",""
"1770","28 Jul 2026","gfyhg","TS-III Analog Upgradable","15-100-0026","Tubing with connector for reusable cuff","","","","1","Replacement Pending from BLT","",""
"1771","28 Jul 2026","gfyhg","TS-III Analog Upgradable","15-100-0026","Tubing with connector for reusable cuff","","","","1","Replacement Pending from BLT","",""
"1772","28 Jul 2026","gfyhg","TS-III Analog Upgradable","15-100-0026","Tubing with connector for reusable cuff","","","","1","Replacement Pending from BLT","",""
"1773","28 Jul 2026","gfyhg","TS-III Analog Upgradable","15-100-0026","Tubing with connector for reusable cuff","","","","1","Replacement Pending from BLT","",""
"1774","28 Jul 2026","gfyhg","TS-III Analog Upgradable","15-100-0026","Tubing with connector for reusable cuff","","","","1","Replacement Pending from BLT","",""
"1775","28 Jul 2026","gfyhg","TS-III Analog Upgradable","15-100-0026","Tubing with connector for reusable cuff","","","","1","Replacement Pending from BLT","",""
"1776","28 Jul 2026","gfyhg","TS-III Analog Upgradable","15-100-0026","Tubing with connector for reusable cuff","","","","1","Replacement Pending from BLT","",""
"1777","28 Jul 2026","gfyhg","TS-III Analog Upgradable","15-100-0026","Tubing with connector for reusable cuff","","","","1","Replacement Pending from BLT","",""
"1778","28 Jul 2026","gfyhg","TS-III Analog Upgradable","15-100-0026","Tubing with connector for reusable cuff","","","","1","Replacement Pending from BLT","",""
"1779","28 Jul 2026","gfyhg","TS-III Analog Upgradable","15-100-0026","Tubing with connector for reusable cuff","","","","1","Replacement Pending from BLT","",""
"1780","28 Jul 2026","gfyhg","TS-III Analog Upgradable","15-100-0026","Tubing with connector for reusable cuff","","","","1","Replacement Pending from BLT","",""
"1781","28 Jul 2026","gfyhg","TS-III Analog Upgradable","15-100-0026","Tubing with connector for reusable cuff","","","","1","Replacement Pending from BLT","",""
"1782","28 Jul 2026","gfyhg","TS-III Analog Upgradable","15-100-0026","Tubing with connector for reusable cuff","","","","1","Replacement Pending from BLT","",""
"1783","28 Jul 2026","gfyhg","TS-III Analog Upgradable","15-100-0026","Tubing with connector for reusable cuff","","","","1","Replacement Pending from BLT","",""
"1784","28 Jul 2026","gfyhg","TS-III Analog Upgradable","15-100-0026","Tubing with connector for reusable cuff","","","","1","Replacement Pending from BLT","",""
"1785","28 Jul 2026","gfyhg","TS-III Analog Upgradable","15-100-0026","Tubing with connector for reusable cuff","","","","1","Replacement Pending from BLT","",""
"1786","28 Jul 2026","gfyhg","TS-III Analog Upgradable","15-100-0026","Tubing with connector for reusable cuff","","","","1","Replacement Pending from BLT","",""
"1787","28 Jul 2026","gfyhg","TS-III Analog Upgradable","15-100-0026","Tubing with connector for reusable cuff","","","","1","Replacement Pending from BLT","",""
"1788","28 Jul 2026","gfyhg","TS-III Analog Upgradable","15-100-0026","Tubing with connector for reusable cuff","","","","1","Replacement Pending from BLT","",""
"1789","28 Jul 2026","gfyhg","TS-III Analog Upgradable","15-100-0026","Tubing with connector for reusable cuff","","","","1","Replacement Pending from BLT","",""
"1790","28 Jul 2026","gfyhg","TS-III Analog Upgradable","15-100-0026","Tubing with connector for reusable cuff","","","","1","Replacement Pending from BLT","",""
"1791","28 Jul 2026","gfyhg","TS-III Analog Upgradable","15-100-0026","Tubing with connector for reusable cuff","","","","1","Replacement Pending from BLT","",""
"1792","28 Jul 2026","gfyhg","TS-III Analog Upgradable","15-100-0026","Tubing with connector for reusable cuff","","","","1","Replacement Pending from BLT","",""
"1793","28 Jul 2026","gfyhg","TS-III Analog Upgradable","15-100-0026","Tubing with connector for reusable cuff","","","","1","Replacement Pending from BLT","",""
"1794","28 Jul 2026","gfyhg","TS-III Analog Upgradable","15-100-0026","Tubing with connector for reusable cuff","","","","1","Replacement Pending from BLT","",""
"1795","28 Jul 2026","gfyhg","TS-III Analog Upgradable","15-100-0026","Tubing with connector for reusable cuff","","","","1","Replacement Pending from BLT","",""
"1796","28 Jul 2026","gfyhg","TS-III Analog Upgradable","15-100-0026","Tubing with connector for reusable cuff","","","","1","Replacement Pending from BLT","",""
"1797","28 Jul 2026","gfyhg","TS-III Analog Upgradable","15-100-0026","Tubing with connector for reusable cuff","","","","1","Replacement Pending from BLT","",""
"1798","28 Jul 2026","gfyhg","TS-III Analog Upgradable","15-100-0026","Tubing with connector for reusable cuff","","","","1","Replacement Pending from BLT","",""
"1799","28 Jul 2026","gfyhg","TS-III Analog Upgradable","15-100-0026","Tubing with connector for reusable cuff","","","","1","Replacement Pending from BLT","",""
"1800","28 Jul 2026","gfyhg","TS-III Analog Upgradable","15-100-0008","Adult Disposable Adhesive Electrodes","","","","1","Replacement Pending from BLT","",""
"1801","28 Jul 2026","gfyhg","TS-III Analog Upgradable","15-100-0008","Adult Disposable Adhesive Electrodes","","","","1","Replacement Pending from BLT","",""
"1802","28 Jul 2026","gfyhg","TS-III Analog Upgradable","15-100-0008","Adult Disposable Adhesive Electrodes","","","","1","Replacement Pending from BLT","",""
"1803","28 Jul 2026","gfyhg","TS-III Analog Upgradable","15-100-0008","Adult Disposable Adhesive Electrodes","","","","1","Replacement Pending from BLT","",""
"1804","28 Jul 2026","gfyhg","TS-III Analog Upgradable","15-100-0008","Adult Disposable Adhesive Electrodes","","","","1","Replacement Pending from BLT","",""
"1805","28 Jul 2026","gfyhg","TS-III Analog Upgradable","15-100-0008","Adult Disposable Adhesive Electrodes","","","","1","Replacement Pending from BLT","",""
"1806","28 Jul 2026","gfyhg","TS-III Analog Upgradable","15-100-0008","Adult Disposable Adhesive Electrodes","","","","1","Replacement Pending from BLT","",""
"1807","28 Jul 2026","gfyhg","TS-III Analog Upgradable","15-100-0008","Adult Disposable Adhesive Electrodes","","","","1","Replacement Pending from BLT","",""
"1808","28 Jul 2026","gfyhg","TS-III Analog Upgradable","15-100-0008","Adult Disposable Adhesive Electrodes","","","","1","Replacement Pending from BLT","",""
"1809","28 Jul 2026","gfyhg","TS-III Analog Upgradable","15-100-0008","Adult Disposable Adhesive Electrodes","","","","1","Replacement Pending from BLT","",""
"1810","28 Jul 2026","gfyhg","TS-III Analog Upgradable","15-100-0008","Adult Disposable Adhesive Electrodes","","","","1","Replacement Pending from BLT","",""
"1811","28 Jul 2026","gfyhg","TS-III Analog Upgradable","15-100-0008","Adult Disposable Adhesive Electrodes","","","","1","Replacement Pending from BLT","",""
"1812","28 Jul 2026","gfyhg","TS-III Analog Upgradable","15-100-0008","Adult Disposable Adhesive Electrodes","","","","1","Replacement Pending from BLT","",""
"1813","28 Jul 2026","gfyhg","TS-III Analog Upgradable","15-100-0008","Adult Disposable Adhesive Electrodes","","","","1","Replacement Pending from BLT","",""
"1814","28 Jul 2026","gfyhg","TS-III Analog Upgradable","15-100-0008","Adult Disposable Adhesive Electrodes","","","","1","Replacement Pending from BLT","",""
"1815","28 Jul 2026","gfyhg","TS-III Analog Upgradable","15-100-0008","Adult Disposable Adhesive Electrodes","","","","1","Replacement Pending from BLT","",""
"1816","28 Jul 2026","gfyhg","TS-III Analog Upgradable","15-100-0008","Adult Disposable Adhesive Electrodes","","","","1","Replacement Pending from BLT","",""
"1817","28 Jul 2026","gfyhg","TS-III Analog Upgradable","15-100-0008","Adult Disposable Adhesive Electrodes","","","","1","Replacement Pending from BLT","",""
"1818","28 Jul 2026","gfyhg","TS-III Analog Upgradable","15-100-0008","Adult Disposable Adhesive Electrodes","","","","1","Replacement Pending from BLT","",""
"1819","28 Jul 2026","gfyhg","TS-III Analog Upgradable","15-100-0008","Adult Disposable Adhesive Electrodes","","","","1","Replacement Pending from BLT","",""
"1820","28 Jul 2026","gfyhg","TS-III Analog Upgradable","15-100-0008","Adult Disposable Adhesive Electrodes","","","","1","Replacement Pending from BLT","",""
"1821","28 Jul 2026","gfyhg","TS-III Analog Upgradable","15-100-0008","Adult Disposable Adhesive Electrodes","","","","1","Replacement Pending from BLT","",""
"1822","28 Jul 2026","gfyhg","TS-III Analog Upgradable","15-100-0008","Adult Disposable Adhesive Electrodes","","","","1","Replacement Pending from BLT","",""
"1823","28 Jul 2026","gfyhg","TS-III Analog Upgradable","15-100-0008","Adult Disposable Adhesive Electrodes","","","","1","Replacement Pending from BLT","",""
"1824","28 Jul 2026","gfyhg","TS-III Analog Upgradable","15-100-0008","Adult Disposable Adhesive Electrodes","","","","1","Replacement Pending from BLT","",""
"1825","28 Jul 2026","gfyhg","TS-III Analog Upgradable","15-100-0008","Adult Disposable Adhesive Electrodes","","","","1","Replacement Pending from BLT","",""
"1826","28 Jul 2026","gfyhg","TS-III Analog Upgradable","15-100-0008","Adult Disposable Adhesive Electrodes","","","","1","Replacement Pending from BLT","",""
"1827","28 Jul 2026","gfyhg","TS-III Analog Upgradable","15-100-0008","Adult Disposable Adhesive Electrodes","","","","1","Replacement Pending from BLT","",""
"1828","28 Jul 2026","gfyhg","TS-III Analog Upgradable","15-100-0008","Adult Disposable Adhesive Electrodes","","","","1","Replacement Pending from BLT","",""
"1829","28 Jul 2026","gfyhg","TS-III Analog Upgradable","15-100-0008","Adult Disposable Adhesive Electrodes","","","","1","Replacement Pending from BLT","",""
"1830","28 Jul 2026","gfyhg","TS-III Analog Upgradable","15-100-0008","Adult Disposable Adhesive Electrodes","","","","1","Replacement Pending from BLT","",""
"1831","28 Jul 2026","gfyhg","TS-III Analog Upgradable","15-100-0008","Adult Disposable Adhesive Electrodes","","","","1","Replacement Pending from BLT","",""
"1832","28 Jul 2026","gfyhg","TS-III Analog Upgradable","15-100-0008","Adult Disposable Adhesive Electrodes","","","","1","Replacement Pending from BLT","",""
"1833","28 Jul 2026","gfyhg","TS-III Analog Upgradable","15-100-0008","Adult Disposable Adhesive Electrodes","","","","1","Replacement Pending from BLT","",""
"1834","28 Jul 2026","gfyhg","TS-III Analog Upgradable","15-100-0008","Adult Disposable Adhesive Electrodes","","","","1","Replacement Pending from BLT","",""
"1835","28 Jul 2026","gfyhg","TS-III Analog Upgradable","15-100-0008","Adult Disposable Adhesive Electrodes","","","","1","Replacement Pending from BLT","",""
"1836","28 Jul 2026","gfyhg","TS-III Analog Upgradable","15-100-0008","Adult Disposable Adhesive Electrodes","","","","1","Replacement Pending from BLT","",""
"1837","28 Jul 2026","gfyhg","TS-III Analog Upgradable","15-100-0008","Adult Disposable Adhesive Electrodes","","","","1","Replacement Pending from BLT","",""
"1838","28 Jul 2026","gfyhg","TS-III Analog Upgradable","15-100-0008","Adult Disposable Adhesive Electrodes","","","","1","Replacement Pending from BLT","",""
"1839","28 Jul 2026","gfyhg","TS-III Analog Upgradable","15-100-0008","Adult Disposable Adhesive Electrodes","","","","1","Replacement Pending from BLT","",""
"1840","28 Jul 2026","gfyhg","TS-III Analog Upgradable","15-100-0008","Adult Disposable Adhesive Electrodes","","","","1","Replacement Pending from BLT","",""
"1841","28 Jul 2026","gfyhg","TS-III Analog Upgradable","15-100-0008","Adult Disposable Adhesive Electrodes","","","","1","Replacement Pending from BLT","",""
"1842","28 Jul 2026","gfyhg","TS-III Analog Upgradable","15-100-0008","Adult Disposable Adhesive Electrodes","","","","1","Replacement Pending from BLT","",""
"1843","28 Jul 2026","gfyhg","TS-III Analog Upgradable","15-100-0008","Adult Disposable Adhesive Electrodes","","","","1","Replacement Pending from BLT","",""
"1844","28 Jul 2026","gfyhg","TS-III Analog Upgradable","15-100-0008","Adult Disposable Adhesive Electrodes","","","","1","Replacement Pending from BLT","",""
"1845","28 Jul 2026","gfyhg","TS-III Analog Upgradable","15-100-0008","Adult Disposable Adhesive Electrodes","","","","1","Replacement Pending from BLT","",""
"1846","28 Jul 2026","gfyhg","TS-III Analog Upgradable","15-100-0008","Adult Disposable Adhesive Electrodes","","","","1","Replacement Pending from BLT","",""
"1847","28 Jul 2026","gfyhg","TS-III Analog Upgradable","15-100-0008","Adult Disposable Adhesive Electrodes","","","","1","Replacement Pending from BLT","",""
"1848","28 Jul 2026","gfyhg","TS-III Analog Upgradable","15-100-0008","Adult Disposable Adhesive Electrodes","","","","1","Replacement Pending from BLT","",""
"1849","28 Jul 2026","gfyhg","TS-III Analog Upgradable","15-100-0008","Adult Disposable Adhesive Electrodes","","","","1","Replacement Pending from BLT","",""
"1850","28 Jul 2026","gfyhg","TS-III Analog Upgradable","15-100-0008","Adult Disposable Adhesive Electrodes","","","","1","Replacement Pending from BLT","",""
"1851","28 Jul 2026","gfyhg","TS-III Analog Upgradable","15-100-0008","Adult Disposable Adhesive Electrodes","","","","1","Replacement Pending from BLT","",""
"1852","28 Jul 2026","gfyhg","TS-III Analog Upgradable","15-100-0008","Adult Disposable Adhesive Electrodes","","","","1","Replacement Pending from BLT","",""
"1853","28 Jul 2026","gfyhg","TS-III Analog Upgradable","15-100-0008","Adult Disposable Adhesive Electrodes","","","","1","Replacement Pending from BLT","",""
"1854","28 Jul 2026","gfyhg","TS-III Analog Upgradable","15-100-0008","Adult Disposable Adhesive Electrodes","","","","1","Replacement Pending from BLT","",""
"1855","28 Jul 2026","gfyhg","TS-III Analog Upgradable","15-100-0008","Adult Disposable Adhesive Electrodes","","","","1","Replacement Pending from BLT","",""
"1856","28 Jul 2026","gfyhg","TS-III Analog Upgradable","15-100-0008","Adult Disposable Adhesive Electrodes","","","","1","Replacement Pending from BLT","",""
"1857","28 Jul 2026","gfyhg","TS-III Analog Upgradable","15-100-0008","Adult Disposable Adhesive Electrodes","","","","1","Replacement Pending from BLT","",""
"1858","28 Jul 2026","gfyhg","TS-III Analog Upgradable","15-100-0008","Adult Disposable Adhesive Electrodes","","","","1","Replacement Pending from BLT","",""
"1859","28 Jul 2026","gfyhg","TS-III Analog Upgradable","15-100-0008","Adult Disposable Adhesive Electrodes","","","","1","Replacement Pending from BLT","",""
"1860","28 Jul 2026","gfyhg","TS-III Analog Upgradable","15-100-0008","Adult Disposable Adhesive Electrodes","","","","1","Replacement Pending from BLT","",""
"1861","28 Jul 2026","gfyhg","TS-III Analog Upgradable","15-100-0008","Adult Disposable Adhesive Electrodes","","","","1","Replacement Pending from BLT","",""
"1862","28 Jul 2026","gfyhg","TS-III Analog Upgradable","15-100-0008","Adult Disposable Adhesive Electrodes","","","","1","Replacement Pending from BLT","",""
"1863","28 Jul 2026","gfyhg","TS-III Analog Upgradable","15-100-0008","Adult Disposable Adhesive Electrodes","","","","1","Replacement Pending from BLT","",""
"1864","28 Jul 2026","gfyhg","TS-III Analog Upgradable","15-100-0008","Adult Disposable Adhesive Electrodes","","","","1","Replacement Pending from BLT","",""
"1865","28 Jul 2026","gfyhg","TS-III Analog Upgradable","15-100-0008","Adult Disposable Adhesive Electrodes","","","","1","Replacement Pending from BLT","",""
"1866","28 Jul 2026","gfyhg","TS-III Analog Upgradable","15-100-0008","Adult Disposable Adhesive Electrodes","","","","1","Replacement Pending from BLT","",""
"1867","28 Jul 2026","gfyhg","TS-III Analog Upgradable","15-100-0008","Adult Disposable Adhesive Electrodes","","","","1","Replacement Pending from BLT","",""
"1868","28 Jul 2026","gfyhg","TS-III Analog Upgradable","15-100-0008","Adult Disposable Adhesive Electrodes","","","","1","Replacement Pending from BLT","",""
"1869","28 Jul 2026","gfyhg","TS-III Analog Upgradable","15-100-0008","Adult Disposable Adhesive Electrodes","","","","1","Replacement Pending from BLT","",""
"1870","28 Jul 2026","gfyhg","TS-III Analog Upgradable","15-100-0008","Adult Disposable Adhesive Electrodes","","","","1","Replacement Pending from BLT","",""
"1871","28 Jul 2026","gfyhg","TS-III Analog Upgradable","15-100-0008","Adult Disposable Adhesive Electrodes","","","","1","Replacement Pending from BLT","",""
"1872","28 Jul 2026","gfyhg","TS-III Analog Upgradable","15-100-0008","Adult Disposable Adhesive Electrodes","","","","1","Replacement Pending from BLT","",""
"1873","28 Jul 2026","gfyhg","TS-III Analog Upgradable","15-100-0008","Adult Disposable Adhesive Electrodes","","","","1","Replacement Pending from BLT","",""
"1874","28 Jul 2026","gfyhg","TS-III Analog Upgradable","15-100-0008","Adult Disposable Adhesive Electrodes","","","","1","Replacement Pending from BLT","",""
"1875","28 Jul 2026","gfyhg","TS-III Analog Upgradable","15-100-0008","Adult Disposable Adhesive Electrodes","","","","1","Replacement Pending from BLT","",""
"1876","28 Jul 2026","gfyhg","TS-III Analog Upgradable","15-100-0008","Adult Disposable Adhesive Electrodes","","","","1","Replacement Pending from BLT","",""
"1877","28 Jul 2026","gfyhg","TS-III Analog Upgradable","15-100-0008","Adult Disposable Adhesive Electrodes","","","","1","Replacement Pending from BLT","",""
"1878","28 Jul 2026","gfyhg","TS-III Analog Upgradable","15-100-0008","Adult Disposable Adhesive Electrodes","","","","1","Replacement Pending from BLT","",""
"1879","28 Jul 2026","gfyhg","TS-III Analog Upgradable","15-100-0008","Adult Disposable Adhesive Electrodes","","","","1","Replacement Pending from BLT","",""
"1880","28 Jul 2026","gfyhg","TS-III Analog Upgradable","15-100-0008","Adult Disposable Adhesive Electrodes","","","","1","Replacement Pending from BLT","",""
"1881","28 Jul 2026","gfyhg","TS-III Analog Upgradable","15-100-0008","Adult Disposable Adhesive Electrodes","","","","1","Replacement Pending from BLT","",""
"1882","28 Jul 2026","gfyhg","TS-III Analog Upgradable","15-100-0008","Adult Disposable Adhesive Electrodes","","","","1","Replacement Pending from BLT","",""
"1883","28 Jul 2026","gfyhg","TS-III Analog Upgradable","15-100-0008","Adult Disposable Adhesive Electrodes","","","","1","Replacement Pending from BLT","",""
"1884","28 Jul 2026","gfyhg","TS-III Analog Upgradable","15-100-0008","Adult Disposable Adhesive Electrodes","","","","1","Replacement Pending from BLT","",""
"1885","28 Jul 2026","gfyhg","TS-III Analog Upgradable","15-100-0008","Adult Disposable Adhesive Electrodes","","","","1","Replacement Pending from BLT","",""
"1886","28 Jul 2026","gfyhg","TS-III Analog Upgradable","15-100-0008","Adult Disposable Adhesive Electrodes","","","","1","Replacement Pending from BLT","",""
"1887","28 Jul 2026","gfyhg","TS-III Analog Upgradable","15-100-0008","Adult Disposable Adhesive Electrodes","","","","1","Replacement Pending from BLT","",""
"1888","28 Jul 2026","gfyhg","TS-III Analog Upgradable","15-100-0008","Adult Disposable Adhesive Electrodes","","","","1","Replacement Pending from BLT","",""
"1889","28 Jul 2026","gfyhg","TS-III Analog Upgradable","15-100-0008","Adult Disposable Adhesive Electrodes","","","","1","Replacement Pending from BLT","",""
"1890","28 Jul 2026","gfyhg","TS-III Analog Upgradable","15-100-0008","Adult Disposable Adhesive Electrodes","","","","1","Replacement Pending from BLT","",""
"1891","28 Jul 2026","gfyhg","TS-III Analog Upgradable","15-100-0008","Adult Disposable Adhesive Electrodes","","","","1","Replacement Pending from BLT","",""
"1892","28 Jul 2026","gfyhg","TS-III Analog Upgradable","15-100-0008","Adult Disposable Adhesive Electrodes","","","","1","Replacement Pending from BLT","",""
"1893","28 Jul 2026","gfyhg","TS-III Analog Upgradable","15-100-0008","Adult Disposable Adhesive Electrodes","","","","1","Replacement Pending from BLT","",""
"1894","28 Jul 2026","gfyhg","TS-III Analog Upgradable","15-100-0008","Adult Disposable Adhesive Electrodes","","","","1","Replacement Pending from BLT","",""
"1895","28 Jul 2026","gfyhg","TS-III Analog Upgradable","15-100-0008","Adult Disposable Adhesive Electrodes","","","","1","Replacement Pending from BLT","",""
"1896","28 Jul 2026","gfyhg","TS-III Analog Upgradable","15-100-0008","Adult Disposable Adhesive Electrodes","","","","1","Replacement Pending from BLT","",""
"1897","28 Jul 2026","gfyhg","TS-III Analog Upgradable","15-100-0008","Adult Disposable Adhesive Electrodes","","","","1","Replacement Pending from BLT","",""
"1898","28 Jul 2026","gfyhg","TS-III Analog Upgradable","15-100-0008","Adult Disposable Adhesive Electrodes","","","","1","Replacement Pending from BLT","",""
"1899","28 Jul 2026","gfyhg","TS-III Analog Upgradable","15-100-0008","Adult Disposable Adhesive Electrodes","","","","1","Replacement Pending from BLT","",""
"1900","28 Jul 2026","gfyhg","TS-III Analog Upgradable","15-027-0003","5 lead ECG cable-TS III","","","","1","Replacement Pending from BLT","",""
"1901","28 Jul 2026","gfyhg","TS-III Analog Upgradable","15-027-0003","5 lead ECG cable-TS III","","","","1","Replacement Pending from BLT","",""
"1902","28 Jul 2026","gfyhg","TS-III Analog Upgradable","15-027-0003","5 lead ECG cable-TS III","","","","1","Replacement Pending from BLT","",""
"1903","28 Jul 2026","gfyhg","TS-III Analog Upgradable","15-027-0003","5 lead ECG cable-TS III","","","","1","Replacement Pending from BLT","",""
"1904","28 Jul 2026","gfyhg","TS-III Analog Upgradable","15-027-0003","5 lead ECG cable-TS III","","","","1","Replacement Pending from BLT","",""
"1905","28 Jul 2026","gfyhg","TS-III Analog Upgradable","15-027-0003","5 lead ECG cable-TS III","","","","1","Replacement Pending from BLT","",""
"1906","28 Jul 2026","gfyhg","TS-III Analog Upgradable","15-027-0003","5 lead ECG cable-TS III","","","","1","Replacement Pending from BLT","",""
"1907","28 Jul 2026","gfyhg","TS-III Analog Upgradable","15-027-0003","5 lead ECG cable-TS III","","","","1","Replacement Pending from BLT","",""
"1908","28 Jul 2026","gfyhg","TS-III Analog Upgradable","15-027-0003","5 lead ECG cable-TS III","","","","1","Replacement Pending from BLT","",""
"1909","28 Jul 2026","gfyhg","TS-III Analog Upgradable","15-027-0003","5 lead ECG cable-TS III","","","","1","Replacement Pending from BLT","",""
"1910","28 Jul 2026","gfyhg","TS-III Analog Upgradable","15-027-0003","5 lead ECG cable-TS III","","","","1","Replacement Pending from BLT","",""
"1911","28 Jul 2026","gfyhg","TS-III Analog Upgradable","15-027-0003","5 lead ECG cable-TS III","","","","1","Replacement Pending from BLT","",""
"1912","28 Jul 2026","gfyhg","TS-III Analog Upgradable","15-027-0003","5 lead ECG cable-TS III","","","","1","Replacement Pending from BLT","",""
"1913","28 Jul 2026","gfyhg","TS-III Analog Upgradable","15-027-0003","5 lead ECG cable-TS III","","","","1","Replacement Pending from BLT","",""
"1914","28 Jul 2026","gfyhg","TS-III Analog Upgradable","15-027-0003","5 lead ECG cable-TS III","","","","1","Replacement Pending from BLT","",""
"1915","28 Jul 2026","gfyhg","TS-III Analog Upgradable","15-027-0003","5 lead ECG cable-TS III","","","","1","Replacement Pending from BLT","",""
"1916","28 Jul 2026","gfyhg","TS-III Analog Upgradable","15-027-0003","5 lead ECG cable-TS III","","","","1","Replacement Pending from BLT","",""
"1917","28 Jul 2026","gfyhg","TS-III Analog Upgradable","15-027-0003","5 lead ECG cable-TS III","","","","1","Replacement Pending from BLT","",""
"1918","28 Jul 2026","gfyhg","TS-III Analog Upgradable","15-027-0003","5 lead ECG cable-TS III","","","","1","Replacement Pending from BLT","",""
"1919","28 Jul 2026","gfyhg","TS-III Analog Upgradable","15-027-0003","5 lead ECG cable-TS III","","","","1","Replacement Pending from BLT","",""
"1920","28 Jul 2026","gfyhg","TS-III Analog Upgradable","15-027-0003","5 lead ECG cable-TS III","","","","1","Replacement Pending from BLT","",""
"1921","28 Jul 2026","gfyhg","TS-III Analog Upgradable","15-027-0003","5 lead ECG cable-TS III","","","","1","Replacement Pending from BLT","",""
"1922","28 Jul 2026","gfyhg","TS-III Analog Upgradable","15-027-0003","5 lead ECG cable-TS III","","","","1","Replacement Pending from BLT","",""
"1923","28 Jul 2026","gfyhg","TS-III Analog Upgradable","15-027-0003","5 lead ECG cable-TS III","","","","1","Replacement Pending from BLT","",""
"1924","28 Jul 2026","gfyhg","TS-III Analog Upgradable","15-027-0003","5 lead ECG cable-TS III","","","","1","Replacement Pending from BLT","",""
"1925","28 Jul 2026","gfyhg","TS-III Analog Upgradable","15-027-0003","5 lead ECG cable-TS III","","","","1","Replacement Pending from BLT","",""
"1926","28 Jul 2026","gfyhg","TS-III Analog Upgradable","15-027-0003","5 lead ECG cable-TS III","","","","1","Replacement Pending from BLT","",""
"1927","28 Jul 2026","gfyhg","TS-III Analog Upgradable","15-027-0003","5 lead ECG cable-TS III","","","","1","Replacement Pending from BLT","",""
"1928","28 Jul 2026","gfyhg","TS-III Analog Upgradable","15-027-0003","5 lead ECG cable-TS III","","","","1","Replacement Pending from BLT","",""
"1929","28 Jul 2026","gfyhg","TS-III Analog Upgradable","15-027-0003","5 lead ECG cable-TS III","","","","1","Replacement Pending from BLT","",""
"1930","28 Jul 2026","gfyhg","TS-III Analog Upgradable","15-027-0003","5 lead ECG cable-TS III","","","","1","Replacement Pending from BLT","",""
"1931","28 Jul 2026","gfyhg","TS-III Analog Upgradable","15-027-0003","5 lead ECG cable-TS III","","","","1","Replacement Pending from BLT","",""
"1932","28 Jul 2026","gfyhg","TS-III Analog Upgradable","15-027-0003","5 lead ECG cable-TS III","","","","1","Replacement Pending from BLT","",""
"1933","28 Jul 2026","gfyhg","TS-III Analog Upgradable","15-027-0003","5 lead ECG cable-TS III","","","","1","Replacement Pending from BLT","",""
"1934","28 Jul 2026","gfyhg","TS-III Analog Upgradable","15-027-0003","5 lead ECG cable-TS III","","","","1","Replacement Pending from BLT","",""
"1935","28 Jul 2026","gfyhg","TS-III Analog Upgradable","15-027-0003","5 lead ECG cable-TS III","","","","1","Replacement Pending from BLT","",""
"1936","28 Jul 2026","gfyhg","TS-III Analog Upgradable","15-027-0003","5 lead ECG cable-TS III","","","","1","Replacement Pending from BLT","",""
"1937","28 Jul 2026","gfyhg","TS-III Analog Upgradable","15-027-0003","5 lead ECG cable-TS III","","","","1","Replacement Pending from BLT","",""
"1938","28 Jul 2026","gfyhg","TS-III Analog Upgradable","15-027-0003","5 lead ECG cable-TS III","","","","1","Replacement Pending from BLT","",""
"1939","28 Jul 2026","gfyhg","TS-III Analog Upgradable","15-027-0003","5 lead ECG cable-TS III","","","","1","Replacement Pending from BLT","",""
"1940","28 Jul 2026","gfyhg","TS-III Analog Upgradable","15-027-0003","5 lead ECG cable-TS III","","","","1","Replacement Pending from BLT","",""
"1941","28 Jul 2026","gfyhg","TS-III Analog Upgradable","15-027-0003","5 lead ECG cable-TS III","","","","1","Replacement Pending from BLT","",""
"1942","28 Jul 2026","gfyhg","TS-III Analog Upgradable","15-027-0003","5 lead ECG cable-TS III","","","","1","Replacement Pending from BLT","",""
"1943","28 Jul 2026","gfyhg","TS-III Analog Upgradable","15-027-0003","5 lead ECG cable-TS III","","","","1","Replacement Pending from BLT","",""
"1944","28 Jul 2026","gfyhg","TS-III Analog Upgradable","15-027-0003","5 lead ECG cable-TS III","","","","1","Replacement Pending from BLT","",""
"1945","28 Jul 2026","gfyhg","TS-III Analog Upgradable","15-027-0003","5 lead ECG cable-TS III","","","","1","Replacement Pending from BLT","",""
"1946","28 Jul 2026","gfyhg","TS-III Analog Upgradable","15-027-0003","5 lead ECG cable-TS III","","","","1","Replacement Pending from BLT","",""
"1947","28 Jul 2026","gfyhg","TS-III Analog Upgradable","15-027-0003","5 lead ECG cable-TS III","","","","1","Replacement Pending from BLT","",""
"1948","28 Jul 2026","gfyhg","TS-III Analog Upgradable","15-027-0003","5 lead ECG cable-TS III","","","","1","Replacement Pending from BLT","",""
"1949","28 Jul 2026","gfyhg","TS-III Analog Upgradable","15-027-0003","5 lead ECG cable-TS III","","","","1","Replacement Pending from BLT","",""
"1950","28 Jul 2026","gfyhg","TS-III Analog Upgradable","15-027-0003","5 lead ECG cable-TS III","","","","1","Replacement Pending from BLT","",""
"1951","28 Jul 2026","gfyhg","TS-III Analog Upgradable","15-027-0003","5 lead ECG cable-TS III","","","","1","Replacement Pending from BLT","",""
"1952","28 Jul 2026","gfyhg","TS-III Analog Upgradable","15-027-0003","5 lead ECG cable-TS III","","","","1","Replacement Pending from BLT","",""
"1953","28 Jul 2026","gfyhg","TS-III Analog Upgradable","15-027-0003","5 lead ECG cable-TS III","","","","1","Replacement Pending from BLT","",""
"1954","28 Jul 2026","gfyhg","TS-III Analog Upgradable","15-027-0003","5 lead ECG cable-TS III","","","","1","Replacement Pending from BLT","",""
"1955","28 Jul 2026","gfyhg","TS-III Analog Upgradable","15-027-0003","5 lead ECG cable-TS III","","","","1","Replacement Pending from BLT","",""
"1956","28 Jul 2026","gfyhg","TS-III Analog Upgradable","15-027-0003","5 lead ECG cable-TS III","","","","1","Replacement Pending from BLT","",""
"1957","28 Jul 2026","gfyhg","TS-III Analog Upgradable","15-027-0003","5 lead ECG cable-TS III","","","","1","Replacement Pending from BLT","",""
"1958","28 Jul 2026","gfyhg","TS-III Analog Upgradable","15-027-0003","5 lead ECG cable-TS III","","","","1","Replacement Pending from BLT","",""
"1959","28 Jul 2026","gfyhg","TS-III Analog Upgradable","15-027-0003","5 lead ECG cable-TS III","","","","1","Replacement Pending from BLT","",""
"1960","28 Jul 2026","gfyhg","TS-III Analog Upgradable","15-027-0003","5 lead ECG cable-TS III","","","","1","Replacement Pending from BLT","",""
"1961","28 Jul 2026","gfyhg","TS-III Analog Upgradable","15-027-0003","5 lead ECG cable-TS III","","","","1","Replacement Pending from BLT","",""
"1962","28 Jul 2026","gfyhg","TS-III Analog Upgradable","15-027-0003","5 lead ECG cable-TS III","","","","1","Replacement Pending from BLT","",""
"1963","28 Jul 2026","gfyhg","TS-III Analog Upgradable","15-027-0003","5 lead ECG cable-TS III","","","","1","Replacement Pending from BLT","",""
"1964","28 Jul 2026","gfyhg","TS-III Analog Upgradable","15-027-0003","5 lead ECG cable-TS III","","","","1","Replacement Pending from BLT","",""
"1965","28 Jul 2026","gfyhg","TS-III Analog Upgradable","15-027-0003","5 lead ECG cable-TS III","","","","1","Replacement Pending from BLT","",""
"1966","28 Jul 2026","gfyhg","TS-III Analog Upgradable","15-027-0003","5 lead ECG cable-TS III","","","","1","Replacement Pending from BLT","",""
"1967","28 Jul 2026","gfyhg","TS-III Analog Upgradable","15-027-0003","5 lead ECG cable-TS III","","","","1","Replacement Pending from BLT","",""
"1968","28 Jul 2026","gfyhg","TS-III Analog Upgradable","15-027-0003","5 lead ECG cable-TS III","","","","1","Replacement Pending from BLT","",""
"1969","28 Jul 2026","gfyhg","TS-III Analog Upgradable","15-027-0003","5 lead ECG cable-TS III","","","","1","Replacement Pending from BLT","",""
"1970","28 Jul 2026","gfyhg","TS-III Analog Upgradable","15-027-0003","5 lead ECG cable-TS III","","","","1","Replacement Pending from BLT","",""
"1971","28 Jul 2026","gfyhg","TS-III Analog Upgradable","15-027-0003","5 lead ECG cable-TS III","","","","1","Replacement Pending from BLT","",""
"1972","28 Jul 2026","gfyhg","TS-III Analog Upgradable","15-027-0003","5 lead ECG cable-TS III","","","","1","Replacement Pending from BLT","",""
"1973","28 Jul 2026","gfyhg","TS-III Analog Upgradable","15-027-0003","5 lead ECG cable-TS III","","","","1","Replacement Pending from BLT","",""
"1974","28 Jul 2026","gfyhg","TS-III Analog Upgradable","15-027-0003","5 lead ECG cable-TS III","","","","1","Replacement Pending from BLT","",""
"1975","28 Jul 2026","gfyhg","TS-III Analog Upgradable","15-027-0003","5 lead ECG cable-TS III","","","","1","Replacement Pending from BLT","",""
"1976","28 Jul 2026","gfyhg","TS-III Analog Upgradable","15-027-0003","5 lead ECG cable-TS III","","","","1","Replacement Pending from BLT","",""
"1977","28 Jul 2026","gfyhg","TS-III Analog Upgradable","15-027-0003","5 lead ECG cable-TS III","","","","1","Replacement Pending from BLT","",""
"1978","28 Jul 2026","gfyhg","TS-III Analog Upgradable","15-027-0003","5 lead ECG cable-TS III","","","","1","Replacement Pending from BLT","",""
"1979","28 Jul 2026","gfyhg","TS-III Analog Upgradable","15-027-0003","5 lead ECG cable-TS III","","","","1","Replacement Pending from BLT","",""
"1980","28 Jul 2026","gfyhg","TS-III Analog Upgradable","15-027-0003","5 lead ECG cable-TS III","","","","1","Replacement Pending from BLT","",""
"1981","28 Jul 2026","gfyhg","TS-III Analog Upgradable","15-027-0003","5 lead ECG cable-TS III","","","","1","Replacement Pending from BLT","",""
"1982","28 Jul 2026","gfyhg","TS-III Analog Upgradable","15-027-0003","5 lead ECG cable-TS III","","","","1","Replacement Pending from BLT","",""
"1983","28 Jul 2026","gfyhg","TS-III Analog Upgradable","15-027-0003","5 lead ECG cable-TS III","","","","1","Replacement Pending from BLT","",""
"1984","28 Jul 2026","gfyhg","TS-III Analog Upgradable","15-027-0003","5 lead ECG cable-TS III","","","","1","Replacement Pending from BLT","",""
"1985","28 Jul 2026","gfyhg","TS-III Analog Upgradable","15-027-0003","5 lead ECG cable-TS III","","","","1","Replacement Pending from BLT","",""
"1986","28 Jul 2026","gfyhg","TS-III Analog Upgradable","15-027-0003","5 lead ECG cable-TS III","","","","1","Replacement Pending from BLT","",""
"1987","28 Jul 2026","gfyhg","TS-III Analog Upgradable","15-027-0003","5 lead ECG cable-TS III","","","","1","Replacement Pending from BLT","",""
"1988","28 Jul 2026","gfyhg","TS-III Analog Upgradable","15-027-0003","5 lead ECG cable-TS III","","","","1","Replacement Pending from BLT","",""
"1989","28 Jul 2026","gfyhg","TS-III Analog Upgradable","15-027-0003","5 lead ECG cable-TS III","","","","1","Replacement Pending from BLT","",""
"1990","28 Jul 2026","gfyhg","TS-III Analog Upgradable","15-027-0003","5 lead ECG cable-TS III","","","","1","Replacement Pending from BLT","",""
"1991","28 Jul 2026","gfyhg","TS-III Analog Upgradable","15-027-0003","5 lead ECG cable-TS III","","","","1","Replacement Pending from BLT","",""
"1992","28 Jul 2026","gfyhg","TS-III Analog Upgradable","15-027-0003","5 lead ECG cable-TS III","","","","1","Replacement Pending from BLT","",""
"1993","28 Jul 2026","gfyhg","TS-III Analog Upgradable","15-027-0003","5 lead ECG cable-TS III","","","","1","Replacement Pending from BLT","",""
"1994","28 Jul 2026","gfyhg","TS-III Analog Upgradable","15-027-0003","5 lead ECG cable-TS III","","","","1","Replacement Pending from BLT","",""
"1995","28 Jul 2026","gfyhg","TS-III Analog Upgradable","15-027-0003","5 lead ECG cable-TS III","","","","1","Replacement Pending from BLT","",""
"1996","28 Jul 2026","gfyhg","TS-III Analog Upgradable","15-027-0003","5 lead ECG cable-TS III","","","","1","Replacement Pending from BLT","",""
"1997","28 Jul 2026","gfyhg","TS-III Analog Upgradable","15-027-0003","5 lead ECG cable-TS III","","","","1","Replacement Pending from BLT","",""
"1998","28 Jul 2026","gfyhg","TS-III Analog Upgradable","15-027-0003","5 lead ECG cable-TS III","","","","1","Replacement Pending from BLT","",""
"1999","28 Jul 2026","gfyhg","TS-III Analog Upgradable","15-027-0003","5 lead ECG cable-TS III","","","","1","Replacement Pending from BLT","",""
"2000","28 Jul 2026","gfyhg","TS-III Analog Upgradable","60.000859A","Side Plate Assembly (2-IBP; 2-TEMP, analog spo2)","","","","1","Replacement Pending from BLT","",""
"2001","28 Jul 2026","gfyhg","TS-III Analog Upgradable","60.000859A","Side Plate Assembly (2-IBP; 2-TEMP, analog spo2)","","","","1","Replacement Pending from BLT","",""
"2002","28 Jul 2026","gfyhg","TS-III Analog Upgradable","60.000859A","Side Plate Assembly (2-IBP; 2-TEMP, analog spo2)","","","","1","Replacement Pending from BLT","",""
"2003","28 Jul 2026","gfyhg","TS-III Analog Upgradable","60.000859A","Side Plate Assembly (2-IBP; 2-TEMP, analog spo2)","","","","1","Replacement Pending from BLT","",""
"2004","28 Jul 2026","gfyhg","TS-III Analog Upgradable","60.000859A","Side Plate Assembly (2-IBP; 2-TEMP, analog spo2)","","","","1","Replacement Pending from BLT","",""
"2005","28 Jul 2026","gfyhg","TS-III Analog Upgradable","60.000859A","Side Plate Assembly (2-IBP; 2-TEMP, analog spo2)","","","","1","Replacement Pending from BLT","",""
"2006","28 Jul 2026","gfyhg","TS-III Analog Upgradable","60.000859A","Side Plate Assembly (2-IBP; 2-TEMP, analog spo2)","","","","1","Replacement Pending from BLT","",""
"2007","28 Jul 2026","gfyhg","TS-III Analog Upgradable","60.000859A","Side Plate Assembly (2-IBP; 2-TEMP, analog spo2)","","","","1","Replacement Pending from BLT","",""
"2008","28 Jul 2026","gfyhg","TS-III Analog Upgradable","60.000859A","Side Plate Assembly (2-IBP; 2-TEMP, analog spo2)","","","","1","Replacement Pending from BLT","",""
"2009","28 Jul 2026","gfyhg","TS-III Analog Upgradable","60.000859A","Side Plate Assembly (2-IBP; 2-TEMP, analog spo2)","","","","1","Replacement Pending from BLT","",""
"2010","28 Jul 2026","gfyhg","TS-III Analog Upgradable","60.000859A","Side Plate Assembly (2-IBP; 2-TEMP, analog spo2)","","","","1","Replacement Pending from BLT","",""
"2011","28 Jul 2026","gfyhg","TS-III Analog Upgradable","60.000859A","Side Plate Assembly (2-IBP; 2-TEMP, analog spo2)","","","","1","Replacement Pending from BLT","",""
"2012","28 Jul 2026","gfyhg","TS-III Analog Upgradable","60.000859A","Side Plate Assembly (2-IBP; 2-TEMP, analog spo2)","","","","1","Replacement Pending from BLT","",""
"2013","28 Jul 2026","gfyhg","TS-III Analog Upgradable","60.000859A","Side Plate Assembly (2-IBP; 2-TEMP, analog spo2)","","","","1","Replacement Pending from BLT","",""
"2014","28 Jul 2026","gfyhg","TS-III Analog Upgradable","60.000859A","Side Plate Assembly (2-IBP; 2-TEMP, analog spo2)","","","","1","Replacement Pending from BLT","",""
"2015","28 Jul 2026","gfyhg","TS-III Analog Upgradable","60.000859A","Side Plate Assembly (2-IBP; 2-TEMP, analog spo2)","","","","1","Replacement Pending from BLT","",""
"2016","28 Jul 2026","gfyhg","TS-III Analog Upgradable","60.000859A","Side Plate Assembly (2-IBP; 2-TEMP, analog spo2)","","","","1","Replacement Pending from BLT","",""
"2017","28 Jul 2026","gfyhg","TS-III Analog Upgradable","60.000859A","Side Plate Assembly (2-IBP; 2-TEMP, analog spo2)","","","","1","Replacement Pending from BLT","",""
"2018","28 Jul 2026","gfyhg","TS-III Analog Upgradable","60.000859A","Side Plate Assembly (2-IBP; 2-TEMP, analog spo2)","","","","1","Replacement Pending from BLT","",""
"2019","28 Jul 2026","gfyhg","TS-III Analog Upgradable","60.000859A","Side Plate Assembly (2-IBP; 2-TEMP, analog spo2)","","","","1","Replacement Pending from BLT","",""
"2020","28 Jul 2026","gfyhg","TS-III Analog Upgradable","60.000859A","Side Plate Assembly (2-IBP; 2-TEMP, analog spo2)","","","","1","Replacement Pending from BLT","",""
"2021","28 Jul 2026","gfyhg","TS-III Analog Upgradable","60.000859A","Side Plate Assembly (2-IBP; 2-TEMP, analog spo2)","","","","1","Replacement Pending from BLT","",""
"2022","28 Jul 2026","gfyhg","TS-III Analog Upgradable","60.000859A","Side Plate Assembly (2-IBP; 2-TEMP, analog spo2)","","","","1","Replacement Pending from BLT","",""
"2023","28 Jul 2026","gfyhg","TS-III Analog Upgradable","60.000859A","Side Plate Assembly (2-IBP; 2-TEMP, analog spo2)","","","","1","Replacement Pending from BLT","",""
"2024","28 Jul 2026","gfyhg","TS-III Analog Upgradable","60.000859A","Side Plate Assembly (2-IBP; 2-TEMP, analog spo2)","","","","1","Replacement Pending from BLT","",""
"2025","28 Jul 2026","gfyhg","TS-III Analog Upgradable","60.000859A","Side Plate Assembly (2-IBP; 2-TEMP, analog spo2)","","","","1","Replacement Pending from BLT","",""
"2026","28 Jul 2026","gfyhg","TS-III Analog Upgradable","60.000859A","Side Plate Assembly (2-IBP; 2-TEMP, analog spo2)","","","","1","Replacement Pending from BLT","",""
"2027","28 Jul 2026","gfyhg","TS-III Analog Upgradable","60.000859A","Side Plate Assembly (2-IBP; 2-TEMP, analog spo2)","","","","1","Replacement Pending from BLT","",""
"2028","28 Jul 2026","gfyhg","TS-III Analog Upgradable","60.000859A","Side Plate Assembly (2-IBP; 2-TEMP, analog spo2)","","","","1","Replacement Pending from BLT","",""
"2029","28 Jul 2026","gfyhg","TS-III Analog Upgradable","60.000859A","Side Plate Assembly (2-IBP; 2-TEMP, analog spo2)","","","","1","Replacement Pending from BLT","",""
"2030","28 Jul 2026","gfyhg","TS-III Analog Upgradable","60.000859A","Side Plate Assembly (2-IBP; 2-TEMP, analog spo2)","","","","1","Replacement Pending from BLT","",""
"2031","28 Jul 2026","gfyhg","TS-III Analog Upgradable","60.000859A","Side Plate Assembly (2-IBP; 2-TEMP, analog spo2)","","","","1","Replacement Pending from BLT","",""
"2032","28 Jul 2026","gfyhg","TS-III Analog Upgradable","60.000859A","Side Plate Assembly (2-IBP; 2-TEMP, analog spo2)","","","","1","Replacement Pending from BLT","",""
"2033","28 Jul 2026","gfyhg","TS-III Analog Upgradable","60.000859A","Side Plate Assembly (2-IBP; 2-TEMP, analog spo2)","","","","1","Replacement Pending from BLT","",""
"2034","28 Jul 2026","gfyhg","TS-III Analog Upgradable","60.000859A","Side Plate Assembly (2-IBP; 2-TEMP, analog spo2)","","","","1","Replacement Pending from BLT","",""
"2035","28 Jul 2026","gfyhg","TS-III Analog Upgradable","60.000859A","Side Plate Assembly (2-IBP; 2-TEMP, analog spo2)","","","","1","Replacement Pending from BLT","",""
"2036","28 Jul 2026","gfyhg","TS-III Analog Upgradable","60.000859A","Side Plate Assembly (2-IBP; 2-TEMP, analog spo2)","","","","1","Replacement Pending from BLT","",""
"2037","28 Jul 2026","gfyhg","TS-III Analog Upgradable","60.000859A","Side Plate Assembly (2-IBP; 2-TEMP, analog spo2)","","","","1","Replacement Pending from BLT","",""
"2038","28 Jul 2026","gfyhg","TS-III Analog Upgradable","60.000859A","Side Plate Assembly (2-IBP; 2-TEMP, analog spo2)","","","","1","Replacement Pending from BLT","",""
"2039","28 Jul 2026","gfyhg","TS-III Analog Upgradable","60.000859A","Side Plate Assembly (2-IBP; 2-TEMP, analog spo2)","","","","1","Replacement Pending from BLT","",""
"2040","28 Jul 2026","gfyhg","TS-III Analog Upgradable","60.000859A","Side Plate Assembly (2-IBP; 2-TEMP, analog spo2)","","","","1","Replacement Pending from BLT","",""
"2041","28 Jul 2026","gfyhg","TS-III Analog Upgradable","60.000859A","Side Plate Assembly (2-IBP; 2-TEMP, analog spo2)","","","","1","Replacement Pending from BLT","",""
"2042","28 Jul 2026","gfyhg","TS-III Analog Upgradable","60.000859A","Side Plate Assembly (2-IBP; 2-TEMP, analog spo2)","","","","1","Replacement Pending from BLT","",""
"2043","28 Jul 2026","gfyhg","TS-III Analog Upgradable","60.000859A","Side Plate Assembly (2-IBP; 2-TEMP, analog spo2)","","","","1","Replacement Pending from BLT","",""
"2044","28 Jul 2026","gfyhg","TS-III Analog Upgradable","60.000859A","Side Plate Assembly (2-IBP; 2-TEMP, analog spo2)","","","","1","Replacement Pending from BLT","",""
"2045","28 Jul 2026","gfyhg","TS-III Analog Upgradable","60.000859A","Side Plate Assembly (2-IBP; 2-TEMP, analog spo2)","","","","1","Replacement Pending from BLT","",""
"2046","28 Jul 2026","gfyhg","TS-III Analog Upgradable","60.000859A","Side Plate Assembly (2-IBP; 2-TEMP, analog spo2)","","","","1","Replacement Pending from BLT","",""
"2047","28 Jul 2026","gfyhg","TS-III Analog Upgradable","60.000859A","Side Plate Assembly (2-IBP; 2-TEMP, analog spo2)","","","","1","Replacement Pending from BLT","",""
"2048","28 Jul 2026","gfyhg","TS-III Analog Upgradable","60.000859A","Side Plate Assembly (2-IBP; 2-TEMP, analog spo2)","","","","1","Replacement Pending from BLT","",""
"2049","28 Jul 2026","gfyhg","TS-III Analog Upgradable","60.000859A","Side Plate Assembly (2-IBP; 2-TEMP, analog spo2)","","","","1","Replacement Pending from BLT","",""
"2050","28 Jul 2026","gfyhg","TS-III Analog Upgradable","60.000859A","Side Plate Assembly (2-IBP; 2-TEMP, analog spo2)","","","","1","Replacement Pending from BLT","",""
"2051","28 Jul 2026","gfyhg","TS-III Analog Upgradable","60.000859A","Side Plate Assembly (2-IBP; 2-TEMP, analog spo2)","","","","1","Replacement Pending from BLT","",""
"2052","28 Jul 2026","gfyhg","TS-III Analog Upgradable","60.000859A","Side Plate Assembly (2-IBP; 2-TEMP, analog spo2)","","","","1","Replacement Pending from BLT","",""
"2053","28 Jul 2026","gfyhg","TS-III Analog Upgradable","60.000859A","Side Plate Assembly (2-IBP; 2-TEMP, analog spo2)","","","","1","Replacement Pending from BLT","",""
"2054","28 Jul 2026","gfyhg","TS-III Analog Upgradable","60.000859A","Side Plate Assembly (2-IBP; 2-TEMP, analog spo2)","","","","1","Replacement Pending from BLT","",""
"2055","28 Jul 2026","gfyhg","TS-III Analog Upgradable","60.000859A","Side Plate Assembly (2-IBP; 2-TEMP, analog spo2)","","","","1","Replacement Pending from BLT","",""
"2056","28 Jul 2026","gfyhg","TS-III Analog Upgradable","60.000859A","Side Plate Assembly (2-IBP; 2-TEMP, analog spo2)","","","","1","Replacement Pending from BLT","",""
"2057","28 Jul 2026","gfyhg","TS-III Analog Upgradable","60.000859A","Side Plate Assembly (2-IBP; 2-TEMP, analog spo2)","","","","1","Replacement Pending from BLT","",""
"2058","28 Jul 2026","gfyhg","TS-III Analog Upgradable","60.000859A","Side Plate Assembly (2-IBP; 2-TEMP, analog spo2)","","","","1","Replacement Pending from BLT","",""
"2059","28 Jul 2026","gfyhg","TS-III Analog Upgradable","60.000859A","Side Plate Assembly (2-IBP; 2-TEMP, analog spo2)","","","","1","Replacement Pending from BLT","",""
"2060","28 Jul 2026","gfyhg","TS-III Analog Upgradable","60.000859A","Side Plate Assembly (2-IBP; 2-TEMP, analog spo2)","","","","1","Replacement Pending from BLT","",""
"2061","28 Jul 2026","gfyhg","TS-III Analog Upgradable","60.000859A","Side Plate Assembly (2-IBP; 2-TEMP, analog spo2)","","","","1","Replacement Pending from BLT","",""
"2062","28 Jul 2026","gfyhg","TS-III Analog Upgradable","60.000859A","Side Plate Assembly (2-IBP; 2-TEMP, analog spo2)","","","","1","Replacement Pending from BLT","",""
"2063","28 Jul 2026","gfyhg","TS-III Analog Upgradable","60.000859A","Side Plate Assembly (2-IBP; 2-TEMP, analog spo2)","","","","1","Replacement Pending from BLT","",""
"2064","28 Jul 2026","gfyhg","TS-III Analog Upgradable","60.000859A","Side Plate Assembly (2-IBP; 2-TEMP, analog spo2)","","","","1","Replacement Pending from BLT","",""
"2065","28 Jul 2026","gfyhg","TS-III Analog Upgradable","60.000859A","Side Plate Assembly (2-IBP; 2-TEMP, analog spo2)","","","","1","Replacement Pending from BLT","",""
"2066","28 Jul 2026","gfyhg","TS-III Analog Upgradable","60.000859A","Side Plate Assembly (2-IBP; 2-TEMP, analog spo2)","","","","1","Replacement Pending from BLT","",""
"2067","28 Jul 2026","gfyhg","TS-III Analog Upgradable","60.000859A","Side Plate Assembly (2-IBP; 2-TEMP, analog spo2)","","","","1","Replacement Pending from BLT","",""
"2068","28 Jul 2026","gfyhg","TS-III Analog Upgradable","60.000859A","Side Plate Assembly (2-IBP; 2-TEMP, analog spo2)","","","","1","Replacement Pending from BLT","",""
"2069","28 Jul 2026","gfyhg","TS-III Analog Upgradable","60.000859A","Side Plate Assembly (2-IBP; 2-TEMP, analog spo2)","","","","1","Replacement Pending from BLT","",""
"2070","28 Jul 2026","gfyhg","TS-III Analog Upgradable","60.000859A","Side Plate Assembly (2-IBP; 2-TEMP, analog spo2)","","","","1","Replacement Pending from BLT","",""
"2071","28 Jul 2026","gfyhg","TS-III Analog Upgradable","60.000859A","Side Plate Assembly (2-IBP; 2-TEMP, analog spo2)","","","","1","Replacement Pending from BLT","",""
"2072","28 Jul 2026","gfyhg","TS-III Analog Upgradable","60.000859A","Side Plate Assembly (2-IBP; 2-TEMP, analog spo2)","","","","1","Replacement Pending from BLT","",""
"2073","28 Jul 2026","gfyhg","TS-III Analog Upgradable","60.000859A","Side Plate Assembly (2-IBP; 2-TEMP, analog spo2)","","","","1","Replacement Pending from BLT","",""
"2074","28 Jul 2026","gfyhg","TS-III Analog Upgradable","60.000859A","Side Plate Assembly (2-IBP; 2-TEMP, analog spo2)","","","","1","Replacement Pending from BLT","",""
"2075","28 Jul 2026","gfyhg","TS-III Analog Upgradable","60.000859A","Side Plate Assembly (2-IBP; 2-TEMP, analog spo2)","","","","1","Replacement Pending from BLT","",""
"2076","28 Jul 2026","gfyhg","TS-III Analog Upgradable","60.000859A","Side Plate Assembly (2-IBP; 2-TEMP, analog spo2)","","","","1","Replacement Pending from BLT","",""
"2077","28 Jul 2026","gfyhg","TS-III Analog Upgradable","60.000859A","Side Plate Assembly (2-IBP; 2-TEMP, analog spo2)","","","","1","Replacement Pending from BLT","",""
"2078","28 Jul 2026","gfyhg","TS-III Analog Upgradable","60.000859A","Side Plate Assembly (2-IBP; 2-TEMP, analog spo2)","","","","1","Replacement Pending from BLT","",""
"2079","28 Jul 2026","gfyhg","TS-III Analog Upgradable","60.000859A","Side Plate Assembly (2-IBP; 2-TEMP, analog spo2)","","","","1","Replacement Pending from BLT","",""
"2080","28 Jul 2026","gfyhg","TS-III Analog Upgradable","60.000859A","Side Plate Assembly (2-IBP; 2-TEMP, analog spo2)","","","","1","Replacement Pending from BLT","",""
"2081","28 Jul 2026","gfyhg","TS-III Analog Upgradable","60.000859A","Side Plate Assembly (2-IBP; 2-TEMP, analog spo2)","","","","1","Replacement Pending from BLT","",""
"2082","28 Jul 2026","gfyhg","TS-III Analog Upgradable","60.000859A","Side Plate Assembly (2-IBP; 2-TEMP, analog spo2)","","","","1","Replacement Pending from BLT","",""
"2083","28 Jul 2026","gfyhg","TS-III Analog Upgradable","60.000859A","Side Plate Assembly (2-IBP; 2-TEMP, analog spo2)","","","","1","Replacement Pending from BLT","",""
"2084","28 Jul 2026","gfyhg","TS-III Analog Upgradable","60.000859A","Side Plate Assembly (2-IBP; 2-TEMP, analog spo2)","","","","1","Replacement Pending from BLT","",""
"2085","28 Jul 2026","gfyhg","TS-III Analog Upgradable","60.000859A","Side Plate Assembly (2-IBP; 2-TEMP, analog spo2)","","","","1","Replacement Pending from BLT","",""
"2086","28 Jul 2026","gfyhg","TS-III Analog Upgradable","60.000859A","Side Plate Assembly (2-IBP; 2-TEMP, analog spo2)","","","","1","Replacement Pending from BLT","",""
"2087","28 Jul 2026","gfyhg","TS-III Analog Upgradable","60.000859A","Side Plate Assembly (2-IBP; 2-TEMP, analog spo2)","","","","1","Replacement Pending from BLT","",""
"2088","28 Jul 2026","gfyhg","TS-III Analog Upgradable","60.000859A","Side Plate Assembly (2-IBP; 2-TEMP, analog spo2)","","","","1","Replacement Pending from BLT","",""
"2089","28 Jul 2026","gfyhg","TS-III Analog Upgradable","60.000859A","Side Plate Assembly (2-IBP; 2-TEMP, analog spo2)","","","","1","Replacement Pending from BLT","",""
"2090","28 Jul 2026","gfyhg","TS-III Analog Upgradable","60.000859A","Side Plate Assembly (2-IBP; 2-TEMP, analog spo2)","","","","1","Replacement Pending from BLT","",""
"2091","28 Jul 2026","gfyhg","TS-III Analog Upgradable","60.000859A","Side Plate Assembly (2-IBP; 2-TEMP, analog spo2)","","","","1","Replacement Pending from BLT","",""
"2092","28 Jul 2026","gfyhg","TS-III Analog Upgradable","60.000859A","Side Plate Assembly (2-IBP; 2-TEMP, analog spo2)","","","","1","Replacement Pending from BLT","",""
"2093","28 Jul 2026","gfyhg","TS-III Analog Upgradable","60.000859A","Side Plate Assembly (2-IBP; 2-TEMP, analog spo2)","","","","1","Replacement Pending from BLT","",""
"2094","28 Jul 2026","gfyhg","TS-III Analog Upgradable","60.000859A","Side Plate Assembly (2-IBP; 2-TEMP, analog spo2)","","","","1","Replacement Pending from BLT","",""
"2095","28 Jul 2026","gfyhg","TS-III Analog Upgradable","60.000859A","Side Plate Assembly (2-IBP; 2-TEMP, analog spo2)","","","","1","Replacement Pending from BLT","",""
"2096","28 Jul 2026","gfyhg","TS-III Analog Upgradable","60.000859A","Side Plate Assembly (2-IBP; 2-TEMP, analog spo2)","","","","1","Replacement Pending from BLT","",""
"2097","28 Jul 2026","gfyhg","TS-III Analog Upgradable","60.000859A","Side Plate Assembly (2-IBP; 2-TEMP, analog spo2)","","","","1","Replacement Pending from BLT","",""
"2098","28 Jul 2026","gfyhg","TS-III Analog Upgradable","60.000859A","Side Plate Assembly (2-IBP; 2-TEMP, analog spo2)","","","","1","Replacement Pending from BLT","",""
"2099","28 Jul 2026","gfyhg","TS-III Analog Upgradable","60.000859A","Side Plate Assembly (2-IBP; 2-TEMP, analog spo2)","","","","1","Replacement Pending from BLT","",""
"2100","28 Jul 2026","gfyhg","TS-III Analog Upgradable","60.000840A","Front cabinet (cabinet assembly)","Damage","NA","Front Cabinet","1","Replacement Pending from BLT","",""